data_id,iso,event_id_cnty,event_id_no_cnty,event_date,year,time_precision,event_type,sub_event_type,actor1,assoc_actor_1,inter1,actor2,assoc_actor_2,inter2,interaction,region,country,admin1,admin2,admin3,location,latitude,longitude,geo_precision,source,source_scale,notes,fatalities,timestamp,iso3
7136084,646,RWA685,685,"26 June 2020",2020,1,Battles,"Armed clash","Unidentified Armed Group (Burundi)",,3,"Military Forces of Rwanda (1994-)",,1,13,"Eastern Africa",Rwanda,"Southern Province",Nyaruguru,Ruheru,Ruheru,-2.728,29.4676,2,Twitter,"New media","On 26 June 2020, Rwandan military forces clashed with around 100 unidentified armed gunmen from Burundi near the Ruheru military position (Nyaruguru, Southern Province). 4 of the unidentified group, carrying official Burundian military equipment, were killed, 3 captured and others fled back to Gihisi, Burundi. 3 Rwandan soldiers were injured.",4,1593456871,RWA
7276439,646,RWA671,671,"04 December 2019",2019,1,Battles,"Armed clash","FDLR-RUD: Democratic Forces for the Liberation of Rwanda-Rally for Unity and Democracy (Uranana Faction)",,2,"Military Forces of Rwanda (1994-)",,1,12,"Eastern Africa",Rwanda,"Northern Province",Musanze,Nyange,Kinigi,-1.4427,29.598,2,Igihe,National,"On 3 and 4 December 2019, FDLR-RUD forces were alleged to have engaged in clashes in Kinigi sector (Northern Province, coordinates for Kinigi used at geoprec2) after crossing from the DRC, with unspecified Rwandan security forces (presumed to be army) killing 'many' and capturing several rebels (3 fatalities coded pending further information). Rwandan authorities claimed that Uganda was involved in organising the violence.",3,1604354643,RWA
7276440,646,RWA670,670,"03 December 2019",2019,1,Battles,"Armed clash","FDLR-RUD: Democratic Forces for the Liberation of Rwanda-Rally for Unity and Democracy (Uranana Faction)",,2,"Military Forces of Rwanda (1994-)",,1,12,"Eastern Africa",Rwanda,"Northern Province",Musanze,Nyange,Kinigi,-1.4427,29.598,2,Igihe,National,"On 3 and 4 December 2019, FDLR-RUD forces were alleged to have engaged in clashes in Kinigi sector (Northern Province, coordinates for Kinigi used at geoprec2) after crossing from the DRC, with unspecified Rwandan security forces (presumed to be army) killing 'many' and capturing several rebels (3 fatalities coded pending further information). Rwandan authorities claimed that Uganda was involved in organising the violence.",3,1604354643,RWA
6700318,646,RWA669,669,"14 November 2019",2019,1,Battles,"Armed clash","Unidentified Armed Group (Burundi)",,3,"Military Forces of Rwanda (1994-)",,1,13,"Eastern Africa",Rwanda,"Western Province",Rusizi,Bweyeye,"Nyungwe Forest",-2.5204,29.3041,2,"Crisis Watch",Other,"On 14 November 2019, an unidentified armed group once again attacked Rwanda army positions on the Burundi-Rwanda border in the Kibira-Nyungwe forest (coordinates for Nyungwe Forest, Western Province, used at geoprec2). The Burundian attackers may be RED-TABARA and FRODEBU forces, although this is unconfirmed (actor1 coded as UAG). The sources make no mention of casualties.",0,1576855239,RWA
6404757,646,RWA668,668,"08 November 2019",2019,1,Battles,"Armed clash","Unidentified Armed Group (Burundi)",,3,"Military Forces of Rwanda (1994-)",,1,13,"Eastern Africa",Rwanda,"Western Province",Rusizi,Bweyeye,"Nyungwe Forest",-2.5204,29.3041,2,"Crisis Watch; SOS Medias","Other-New media","On 7 and 8 November 2019, an unidentified armed group attacked Rwanda army positions on the Burundi-Rwanda border in the Kibira-Nyungwe forest (coordinates for Nyungwe Forest, Western Province, used at geoprec2). The Burundian attackers may be RED-TABARA and FRODEBU forces, although this is unconfirmed (actor1 coded as UAG). The sources make no mention of casualties.",0,1575925687,RWA
6336700,646,RWA663,663,"08 November 2019",2019,1,Battles,"Armed clash","Unidentified Armed Group (Burundi)",,3,"Military Forces of Rwanda (1994-)",,1,13,"Eastern Africa",Rwanda,"Western Province",Rusizi,Butare,Rusizi,-2.5702,29.0754,2,"SOS Medias","New media","08 November 2019. An unidentified armed group clashed with Rwanda military forces on the Burundi-Rwanda border in the Kibira-Nyungwe forest. Sources say the clash happened on the Rwanda side of the border. These are likely RED-TABARA and FRODEBU forces which have been fighting in Burundi. No fatalities reported in the clash.",0,1573519207,RWA
6404756,646,RWA667,667,"07 November 2019",2019,1,Battles,"Armed clash","Unidentified Armed Group (Burundi)",,3,"Military Forces of Rwanda (1994-)",,1,13,"Eastern Africa",Rwanda,"Western Province",Rusizi,Bweyeye,"Nyungwe Forest",-2.5204,29.3041,2,"SOS Medias; Crisis Watch","Other-New media","On 7 and 8 November 2019, an unidentified armed group attacked Rwanda army positions on the Burundi-Rwanda border in the Kibira-Nyungwe forest (coordinates for Nyungwe Forest, Western Province, used at geoprec2). The Burundian attackers may be RED-TABARA and FRODEBU forces, although this is unconfirmed (actor1 coded as UAG). The sources make no mention of casualties.",0,1575925687,RWA
6232750,646,RWA661,661,"05 October 2019",2019,2,Battles,"Armed clash","FDLR-RUD: Democratic Forces for the Liberation of Rwanda-Rally for Unity and Democracy (Uranana Faction)",,2,"Military Forces of Rwanda (1994-)",,1,12,"Eastern Africa",Rwanda,"Northern Province",Musanze,Nyange,Kinigi,-1.4427,29.598,2,"New Times (Rwanda); Deutsche Welle",National-International,"On or around October 5th, Rwandan security forces (coded here as army) reportedly killed 19 members and arrested 5 members of the group responsible for the Oct 4th attack on Kinigi (which authorities have identified as a splinter faction of the FDLR named RUD-Uranana). Information about the event(s) is limited; one event coded at time prec2 and geoprec2, using Kinigi (Northern Province) as the location.",19,1572403612,RWA
6255660,646,RWA655,655,"09 July 2019",2019,1,Protests,"Peaceful protest","Protesters (Rwanda)","Prisoners (Rwanda)",6,,,0,60,"Eastern Africa",Rwanda,"Kigali City",Nyarugenge,Nyarugenge,Nyarugenge,-1.9536,30.0606,1,"BBC News",International,"On July 9th, prisoners at Nyarugenge (Kigali) demonstrated against community services activities. Authorities reported a small number of protesters (who have subsequently been charged) were attempting to incite other prisoners. [size=28]",0,1572403704,RWA
5902892,646,RWA647,647,"17 December 2018",2018,2,Battles,"Armed clash","Military Forces of Rwanda (1994-)",,1,"FLN: National Liberation Front",,2,12,"Eastern Africa",Rwanda,"Southern Province",Muhanga,Nyamabuye,Nyamabuye,-2.0761,29.7567,2,"Reuters; AFP; Xinhua; Igihe",National-International,"On December 16th or 17th, RDF soldiers intercepted the unidentified armed group which had attacked Cyitabi sector on December 15th. The interception occurred in Nyamagabe, close to the border with Burundi. Three attackers were killed by the RDF according to a military press statement, and 74 civilians who had been abducted on Dec 15th were rescued. The army said the remaining attackers fled into Burundi. UPDATE: the FLN rebel movement has subsequently declared responsibility for the attacks in the area, and the ensuing clashes with Rwandan soldiers.",3,1567462432,RWA
6232745,646,RWA645,645,"09 December 2018",2018,1,Battles,"Armed clash","Military Forces of Rwanda (1994-)",,1,"FDLR: Democratic Forces for the Liberation of Rwanda",,2,12,"Eastern Africa",Rwanda,"Western Province",Nyabihu,Karago,Cyamabuye,-1.636,29.4827,1,"Xinhua; New Times (Rwanda); East African (Kenya)",National-Regional,"09 December. DRC-based FDLR rebels attacked a base of the Rwanda military forces in Cyamabuye. The attack was repulsed, four FDLR rebels killed and at least two RDF soldiers. An injured civilian was rushed to the hospital.",6,1572403612,RWA
6316619,646,RWA643,643,"26 November 2018",2018,1,Protests,"Peaceful protest","Protesters (Rwanda)",,6,,,0,60,"Eastern Africa",Rwanda,"Kigali City",Nyarugenge,Kigali,Kigali,-1.9638,30.0383,1,Xinhua,International,"26 November. Thousands of protesters marched in Kigali against gender-based violence. The march was part of state-organized days against gender-based violence",0,1572403788,RWA
6315055,646,RWA636,636,"03 June 2018",2018,1,Protests,"Peaceful protest","Protesters (Rwanda)","Government of Rwanda (1994-)",6,,,0,60,"Eastern Africa",Rwanda,"Kigali City",Nyarugenge,Kigali,Kigali,-1.9638,30.0383,1,Xinhua,International,"On 3 June, hundreds of Rwandans marched in Kigali to encourage the public to address plastic pollution. The march was organised by the Ministry of Environment.",0,1572403786,RWA
5294976,646,RWA630,630,"23 February 2018",2018,1,Protests,"Excessive force against protesters","Protesters (Rwanda)","Refugees/IDPs (Democratic Republic of Congo)",6,"Police Forces of Rwanda (1994-)","Military Forces of Rwanda (1994-)",1,16,"Eastern Africa",Rwanda,"Western Province",Karongi,Rwankuba,"Karongi Refugee Camp",-2.134,29.35,1,"AFP; VOA",International,"Rwandan police and military opened fire on a group of Congolese refugees protesting outside the UN offices in Kiziba/Karongi Refugee Camp. 11 refugees were killed in the gunfire and another 20 were injured. 7 police officers were injured by the crowd. 15 refugees have been arrested for staging illegal demonstrations.",11,1561469222,RWA
5145392,646,RWA628,628,"21 February 2018",2018,1,Protests,"Peaceful protest","Protesters (Democratic Republic of Congo)","Refugees/IDPs (Democratic Republic of Congo)",6,,,0,60,"Eastern Africa",Rwanda,"Western Province",Karongi,Rwankuba,"Karongi Refugee Camp",-2.134,29.35,1,VOA,International,"Congolese refugees in the Karongi Refugee Camp held a two-day sit-in outside the UN offices in Kiziba/Karongi refugee camp. They are angry about a recent reduction in food assistance and are demanding resettlement.",0,1556572281,RWA
7009114,646,RWA627,627,"13 February 2018",2018,1,Battles,"Armed clash","Military Forces of the Democratic Republic of Congo (2001-2019)",,8,"Military Forces of Rwanda (1994-)",,1,18,"Eastern Africa",Rwanda,"Northern Province",Musanze,Musanze,Musanze,-1.4915,29.6008,3,Xinhua,International,"A DRC military patrol attacked a Rwandan military position near Iterambere village, in Musanze. The Rwandan force retaliated, killing 3 DRC soldiers.",3,1585691821,RWA
7277156,646,RWA618,618,"19 August 2016",2016,1,Battles,"Armed clash","Islamist Militia (Rwanda)",,3,"Police Forces of Rwanda (1994-)",,1,13,"Eastern Africa",Rwanda,"Western Province",Rusizi,Bugarama,Bugarama,-2.698,29.0081,1,"New Times (Rwanda)",National,"Police attempted to arrest suspected Islamic militants, and when they 'turned violent' they shot and killed three. Three others arrested.",3,1604354647,RWA
5902889,646,RWA617,617,"17 August 2016",2016,1,Battles,"Armed clash","Islamist Militia (Rwanda)",,3,"Police Forces of Rwanda (1994-)",,1,13,"Eastern Africa",Rwanda,"Kigali City",Nyarugenge,Kigali,Nyarutarama,-1.9396,30.1017,1,"Africa News; New Times (Rwanda)",National-Regional,"Police killed Islamist militant in a three hour shoot-out.",1,1567462432,RWA
7010250,646,RWA616,616,"25 June 2016",2016,1,Battles,"Armed clash","Military Forces of Rwanda (1994-)",,1,"Military Forces of the Democratic Republic of Congo (2001-2019)",,8,18,"Eastern Africa",Rwanda,"Western Province",Rubavu,Rugerero,Rubavu,-1.6894,29.3025,2,"Rwanda News Agency",National,"DRC soldier found on Rwandan soil was shot and killed by troops after he failed to stop as ordered.",1,1585691825,RWA
7010261,646,RWA615,615,"15 June 2016",2016,2,Battles,"Armed clash","Military Forces of Rwanda (1994-)",,1,"Military Forces of the Democratic Republic of Congo (2001-2019)",,8,18,"Eastern Africa",Rwanda,"Northern Province",Musanze,Musanze,Musanze,-1.4915,29.6008,2,"Radio Okapi",Regional,"Rwandan soldiers found a DRC soldier on their soil and allegedly shot and decapitated him before throwing his body back into DRC. DRC soldier reportedly threw the body back into Rwanda.",1,1585691825,RWA
6232742,646,RWA612,612,"15 April 2016",2016,1,Battles,"Armed clash","FDLR: Democratic Forces for the Liberation of Rwanda",,2,"Police Forces of Rwanda (1994-)","Military Forces of Rwanda (1994-)",1,12,"Eastern Africa",Rwanda,"Western Province",Nyabihu,Rurembo,Bugeshi,-1.6503,29.5718,2,"Rwanda News Agency; Xinhua",National-International,"FDLR based in DRC attacked a police station and were pushed back by national security forces.",0,1572403612,RWA
7010650,646,RWA610,610,"02 October 2015",2015,1,Battles,"Armed clash","Military Forces of the Democratic Republic of Congo (2001-2019)",,8,"Military Forces of Rwanda (1994-)",,1,18,"Eastern Africa",Rwanda,"Western Province",Rusizi,Kamembe,Kamembe,-2.4798,28.9022,2,"Radio Okapi; Rwanda News Agency",National-Regional,"On Lake Kivu between Kamembe in Rwanda and Bukavu in DRC, Congolese forces shot at Rwandan forces, killing a military captain and injuring two noncommissioned officers. The incident occurred as Rwandan forces were investigating the arrests of Rwandan fisherman by the FARDC. The fishermen remain in the custody of FARDC.",1,1585691827,RWA
6304334,646,RWA609,609,"27 September 2015",2015,1,Protests,"Peaceful protest","Protesters (Rwanda)",,6,,,0,60,"Eastern Africa",Rwanda,"Western Province",Rubavu,Gisenyi,Gisenyi,-1.7008,29.2633,1,"Radio Okapi",Regional,"Youth in Gisenyi marched in collaboration with their counterparts in Goma (DRC) to celebrate world peace day.",0,1572403772,RWA
5729806,646,RWA608,608,"15 July 2015",2015,1,Protests,"Peaceful protest","Protesters (Rwanda)","Labour Group (Rwanda)",6,,,0,60,"Eastern Africa",Rwanda,"Kigali City",Kicukiro,Niboye,Kicukiro,-1.9769,30.1058,1,"New Times (Rwanda)",National,"Over 30 workers of the newly-constructed Mt. Kenya University in Kicukiro district of Kigali engaged in a sit-in protest to demand payment of their wages.",0,1567450517,RWA
5294961,646,RWA606,606,"27 June 2015",2015,1,Protests,"Peaceful protest","Protesters (Rwanda)",,6,,,0,60,"Eastern Africa",Rwanda,"Kigali City",Nyarugenge,Kigali,Kigali,-1.9638,30.0383,1,"New Times (Rwanda)",National,"Protesters marched against the recent arrest of General Karenzi Karake in London, clogging roads in Kigali.",0,1561469222,RWA
5294960,646,RWA605,605,"26 June 2015",2015,1,Protests,"Peaceful protest","Protesters (Rwanda)",,6,,,0,60,"Eastern Africa",Rwanda,"Kigali City",Nyarugenge,Kigali,Kigali,-1.9638,30.0383,1,"New Times (Rwanda)",National,"Protesters marched against the recent arrest of General Karenzi Karake in London, clogging roads in Kigali.",0,1561469222,RWA
6035836,646,RWA592,592,"25 June 2015",2015,1,Protests,"Peaceful protest","Protesters (Rwanda)",,6,,,0,60,"Eastern Africa",Rwanda,"Northern Province",Gicumbi,Byumba,Gicumbi,-1.579,30.066,1,"New Times (Rwanda); Rwanda Focus","New media-National","Protesters marched against the recent arrest of General Karake in London.",0,1571164386,RWA
6035837,646,RWA593,593,"25 June 2015",2015,1,Protests,"Peaceful protest","Protesters (Rwanda)",,6,,,0,60,"Eastern Africa",Rwanda,"Southern Province",Huye,Huye,Huye,-2.5808,29.7116,1,"New Times (Rwanda); Rwanda Focus","New media-National","Thousands of protesters in the Southern Province marched against the recent arrest of General Karake in London.",0,1571164386,RWA
6035838,646,RWA594,594,"25 June 2015",2015,1,Protests,"Peaceful protest","Protesters (Rwanda)",,6,,,0,60,"Eastern Africa",Rwanda,"Southern Province",Kamonyi,Gacurabwenge,Kamonyi,-2.0024,29.9041,1,"Rwanda Focus; New Times (Rwanda)","New media-National","Thousands of protesters in the Southern Province marched against the recent arrest of General Karake in London.",0,1571164386,RWA
6035839,646,RWA595,595,"25 June 2015",2015,1,Protests,"Peaceful protest","Protesters (Rwanda)",,6,,,0,60,"Eastern Africa",Rwanda,"Kigali City",Nyarugenge,Kigali,Kigali,-1.9638,30.0383,1,"Rwanda Focus; New Times (Rwanda)","New media-National","Thousands protested against the recent arrest of General Karenzi Karake in London.",0,1571164386,RWA
6035840,646,RWA596,596,"25 June 2015",2015,1,Protests,"Peaceful protest","Protesters (Rwanda)",,6,,,0,60,"Eastern Africa",Rwanda,"Northern Province",Musanze,Musanze,Musanze,-1.4915,29.6008,1,"Rwanda Focus; New Times (Rwanda)","New media-National","Protesters marched against the recent arrest of General Karake in London.",0,1571164386,RWA
6035841,646,RWA597,597,"25 June 2015",2015,1,Protests,"Peaceful protest","Protesters (Rwanda)",,6,,,0,60,"Eastern Africa",Rwanda,"Western Province",Nyamasheke,Bushekeri,Ngoma,-2.3886,29.073,1,"Rwanda Focus; New Times (Rwanda)","New media-National","Thousands of protesters in the Eastern Province marched against the recent arrest of General Karake in London.",0,1571164386,RWA
6035842,646,RWA598,598,"25 June 2015",2015,1,Protests,"Peaceful protest","Protesters (Rwanda)",,6,,,0,60,"Eastern Africa",Rwanda,"Western Province",Ngororero,Ngororero,Ngororero,-1.8611,29.6441,1,"New Times (Rwanda); Rwanda Focus","New media-National","Protesters marched against the recent arrest of General Karake in London.",0,1571164386,RWA
6035843,646,RWA599,599,"25 June 2015",2015,1,Protests,"Peaceful protest","Protesters (Rwanda)",,6,,,0,60,"Eastern Africa",Rwanda,"Western Province",Nyamasheke,Kagano,Nyamasheke,-2.3436,29.0994,1,"New Times (Rwanda); Rwanda Focus","New media-National","Protesters marched against the recent arrest of General Karake in London.",0,1571164386,RWA
6035844,646,RWA600,600,"25 June 2015",2015,1,Protests,"Peaceful protest","Protesters (Rwanda)",,6,,,0,60,"Eastern Africa",Rwanda,"Southern Province",Nyamagabe,Cyanika,Nyanza,-2.45,29.6,1,"Rwanda Focus; New Times (Rwanda)","New media-National","Thousands of protesters in the Southern Province marched against the recent arrest of General Karake in London.",0,1571164386,RWA
6035845,646,RWA601,601,"25 June 2015",2015,1,Protests,"Peaceful protest","Protesters (Rwanda)",,6,,,0,60,"Eastern Africa",Rwanda,"Western Province",Rubavu,Rugerero,Rubavu,-1.6894,29.3025,1,"New Times (Rwanda); Rwanda Focus","New media-National","Protesters marched against the recent arrest of General Karake in London.",0,1571164386,RWA
6035846,646,RWA602,602,"25 June 2015",2015,1,Protests,"Peaceful protest","Protesters (Rwanda)",,6,,,0,60,"Eastern Africa",Rwanda,"Western Province",Rutsiro,Gihango,Rutsiro,-1.9648,29.3943,1,"New Times (Rwanda); Rwanda Focus","New media-National","Protesters marched against the recent arrest of General Karake in London.",0,1571164386,RWA
6035847,646,RWA603,603,"25 June 2015",2015,1,Protests,"Peaceful protest","Protesters (Rwanda)",,6,,,0,60,"Eastern Africa",Rwanda,"Eastern Province",Rwamagana,Kigabiro,Rwamagana,-1.9525,30.4377,3,"New Times (Rwanda); Rwanda Focus","New media-National","Thousands of protesters in the Eastern Province marched against the recent arrest of General Karake in London.",0,1571164386,RWA
6035848,646,RWA604,604,"25 June 2015",2015,1,Protests,"Peaceful protest","Protesters (Rwanda)",,6,,,0,60,"Eastern Africa",Rwanda,"Eastern Province",Rwamagana,Kigabiro,Rwamagana,-1.9525,30.4377,1,"Rwanda Focus; New Times (Rwanda)","New media-National","Thousands of protesters in the Eastern Province marched against the recent arrest of General Karake in London.",0,1571164386,RWA
6035835,646,RWA591,591,"24 June 2015",2015,1,Protests,"Peaceful protest","Protesters (Rwanda)",,6,,,0,60,"Eastern Africa",Rwanda,"Kigali City",Nyarugenge,Kigali,Kigali,-1.9638,30.0383,1,"Rwanda Focus; New Times (Rwanda)","New media-National","Thousands protested against the recent arrest of General Karenzi Karake in London.",0,1571164386,RWA
5294944,646,RWA590,590,"23 June 2015",2015,1,Protests,"Peaceful protest","Protesters (Rwanda)",,6,,,0,60,"Eastern Africa",Rwanda,"Kigali City",Nyarugenge,Kigali,Kigali,-1.9638,30.0383,1,"New Times (Rwanda)",National,"Protesters marched against the recent arrest of General Karenzi Karake in London, clogging roads in Kigali.",0,1561469222,RWA
5294942,646,RWA589,589,"22 June 2015",2015,1,Protests,"Peaceful protest","Protesters (Rwanda)",,6,,,0,60,"Eastern Africa",Rwanda,"Kigali City",Nyarugenge,Kigali,Kigali,-1.9638,30.0383,1,"New Times (Rwanda)",National,"Protesters marched against the recent arrest of General Karenzi Karake in London, clogging roads in Kigali.",0,1561469222,RWA
5294941,646,RWA588,588,"09 June 2015",2015,1,Protests,"Peaceful protest","Protesters (Rwanda)",,6,,,0,60,"Eastern Africa",Rwanda,"Eastern Province",Rwamagana,Mwulire,Mwulire,-1.9747,30.402,1,"New Times (Rwanda)",National,"Over 500 employees of Modern Terrace Construction protested against delays in the payment of their wages.",0,1561469222,RWA
7279613,646,RWA587,587,"08 May 2015",2015,1,Protests,"Peaceful protest","Protesters (Rwanda)",,6,,,0,60,"Eastern Africa",Rwanda,"Kigali City",Nyarugenge,Kigali,Kigali,-1.9638,30.0383,1,Xinhua,International,"Hundreds from the Northern Province 'stormed' parliament seeking the amendment of the Constitution to allow President Kagame to run for a third term.",0,1604354659,RWA
5294935,646,RWA578,578,"25 November 2014",2014,1,Protests,"Peaceful protest","Protesters (Rwanda)","Women (Rwanda)",6,,,0,60,"Eastern Africa",Rwanda,"Kigali City",Nyarugenge,Kigali,Kigali,-1.9638,30.0383,1,"New Times (Rwanda)",National,"Thousands march against gender-based violence as part of the global 16 Days of Activism camapaign.",0,1561469222,RWA
5294934,646,RWA577,577,"08 November 2014",2014,2,Protests,"Peaceful protest","Protesters (Rwanda)",,6,,,0,60,"Eastern Africa",Rwanda,"Eastern Province",Rwamagana,Kigabiro,Rwamagana,-1.9525,30.4377,3,"New Times (Rwanda)",National,"Protests occurred across Eastern Province this weekend against the BBC documentary, Rwandas Untold Story. The protests were mostly carried out by women, youth and disabled people.",0,1561469222,RWA
7279493,646,RWA576,576,"07 November 2014",2014,1,Protests,"Peaceful protest","Protesters (Rwanda)","Students (Rwanda)",6,,,0,60,"Eastern Africa",Rwanda,"Kigali City",Nyarugenge,Kigali,Kigali,-1.9638,30.0383,1,Xinhua,International,"Thousands of students in Rwanda took to the streets to protest the BBC documentary 'Rwandas Untold Story' which they say trivializes the Rwandan Genocide.",0,1604354658,RWA
7278155,646,RWA575,575,"22 October 2014",2014,1,Protests,"Peaceful protest","Protesters (Rwanda)","Students (Rwanda)",6,,,0,60,"Eastern Africa",Rwanda,"Kigali City",Nyarugenge,Kigali,Kigali,-1.9638,30.0383,1,"Rwanda News Agency",National,"Hundreds of angry students protested on the streets of Kigali, shouting anti-BBC slogans. The protesters marched to the Parliament buildings and handed a petition demanding readdress for the BBC documentary 'Rwandas Untold Story' and then marched to the BBC offices in Kigali. Two student groups, AERG and FAGER organied the protest.",0,1604354652,RWA
7011321,646,RWA574,574,"11 June 2014",2014,1,Battles,"Armed clash","Military Forces of the Democratic Republic of Congo (2001-2019)",,8,"Military Forces of Rwanda (1994-)",,1,18,"Eastern Africa",Rwanda,"Western Province",Rubavu,Cyanzarwe,Busasamana,-1.6355,29.3538,2,"AFP; Rwanda Focus; New Times (Rwanda); News of Rwanda","New media-National","A section of the DRC army crossed into Rwanda and opened fire on RDF troops. These troops retaliated, killing one soldier. Other sources claim that Rwandan troops crossed into DRC and abducted one soldier, killing him later. In later clashes, four more DRC soldiers were killed",1,1585691829,RWA
5920658,646,RWA568,568,"27 December 2013",2013,1,Protests,"Peaceful protest","Protesters (Rwanda)","Teachers (Rwanda)",6,,,0,60,"Eastern Africa",Rwanda,"Kigali City",Nyarugenge,Nyamirambo,Nyamirambo,-1.9804,30.0489,1,"Africa News",Regional,"Teachers union protests the firing of seven teachers at an APEC-run school in Nyamirambo",0,1567465430,RWA
5294926,646,RWA567,567,"07 December 2013",2013,2,Battles,"Armed clash","Unidentified Armed Group (Rwanda)",,3,"Police Forces of Rwanda (1994-)",,1,13,"Eastern Africa",Rwanda,"Northern Province",Musanze,Musanze,Musanze,-1.4915,29.6008,1,"New Times (Rwanda)",National,"Early last month, unidentified assailants shot dead a police officer in Muhoza sector in Musanze",1,1561469222,RWA
5294916,646,RWA548,548,"11 February 2013",2013,1,Protests,"Peaceful protest","Protesters (Rwanda)",,6,,,0,60,"Eastern Africa",Rwanda,"Kigali City",Nyarugenge,Kigali,Kigali,-1.9638,30.0383,1,AP,International,"Protests in Kigali after genocide acquittals by UN tribunal",0,1561469222,RWA
7012123,646,RWA546,546,"28 November 2012",2012,1,Battles,"Armed clash","FDLR: Democratic Forces for the Liberation of Rwanda","Military Forces of the Democratic Republic of Congo (2001-2019)",2,"Military Forces of Rwanda (1994-)",,1,12,"Eastern Africa",Rwanda,"Western Province",Nyabihu,Rurembo,Bugeshi,-1.6503,29.5718,1,"New Times (Rwanda)",National,"FDLR forces attack locations in Western province of Rwanda",0,1585691831,RWA
7012127,646,RWA543,543,"27 November 2012",2012,1,Battles,"Armed clash","FDLR: Democratic Forces for the Liberation of Rwanda","Military Forces of the Democratic Republic of Congo (2001-2019)",2,"Military Forces of Rwanda (1994-)",,1,12,"Eastern Africa",Rwanda,"Western Province",Nyabihu,Rurembo,Bugeshi,-1.6503,29.5718,1,"New Times (Rwanda)",National,"FDLR forces attack locations in Western province of Rwanda; 12 rebels killed in two battles",6,1585691831,RWA
7012128,646,RWA544,544,"27 November 2012",2012,1,Battles,"Armed clash","FDLR: Democratic Forces for the Liberation of Rwanda","Military Forces of the Democratic Republic of Congo (2001-2019)",2,"Military Forces of Rwanda (1994-)",,1,12,"Eastern Africa",Rwanda,"Western Province",Rubavu,Cyanzarwe,Muti,-1.6151,29.2982,1,"New Times (Rwanda)",National,"FDLR forces attack locations in Western province of Rwanda; 12 rebels killed in two battles",6,1585691831,RWA
7012189,646,RWA538,538,"03 November 2012",2012,1,Battles,"Armed clash","Military Forces of the Democratic Republic of Congo (2001-2019)",,8,"Military Forces of Rwanda (1994-)",,1,18,"Eastern Africa",Rwanda,"Western Province",Rubavu,Busasamana,Rwerere,-1.6034,29.3504,1,Reuters,International,"Rwandan soldier kills DRC soldier who had strayed onto Rwanda territory",1,1585691832,RWA
5294884,646,RWA427,427,"27 June 2010",2010,1,Battles,"Armed clash","Unidentified Armed Group (Rwanda)",,3,"Police Forces of Rwanda (1994-)",,1,13,"Eastern Africa",Rwanda,"Kigali City",Nyarugenge,Kigali,Kigali,-1.9638,30.0383,1,AFP,International,"Police forces arrested two believed to be involved in the murder of a journalist. The suspect later confessed to the killing citing revenge as a motive.",0,1561469222,RWA
4958076,646,RWA425,425,"24 June 2010",2010,1,Protests,"Peaceful protest","Protesters (Rwanda)",,6,,,0,60,"Eastern Africa",Rwanda,"Kigali City",Nyarugenge,Kigali,Kigali,-1.9638,30.0383,1,"All Africa",Regional,"Rwandan police arrested dozens of opposition protesters on Thursday, as President Paul Kagame presented his papers for re-election to the National Election Commission.",0,1552577550,RWA
7013287,646,RWA416,416,"10 May 2010",2010,1,Battles,"Armed clash","FDLR: Democratic Forces for the Liberation of Rwanda",,2,"Military Forces of the Democratic Republic of Congo (2001-2019)",,8,28,"Eastern Africa",Rwanda,"Southern Province",Huye,Ngoma,Butare,-2.5966,29.7394,1,"Local Source",Subnational,"The FDLR rebels have made an incursion last Thursday into Butare, a locality located 50 km from central Rutshuru. They had a cross-border gunfire exchange with the FARDC.",0,1585691835,RWA
6351432,646,RWA393,393,"03 November 2009",2009,1,Protests,"Peaceful protest","Protesters (Rwanda)",,6,,,0,60,"Eastern Africa",Rwanda,"Western Province",Nyabihu,Kabatwa,Gihorwe,-1.5768,29.4137,1,"Local Source",Subnational,"The murder of a resident of the area of Gihorwe cell, in Kabatwa sector, of Nyabihu district by an RPA soldier sparked two days of demonstrations against them.",0,1574110451,RWA
6351433,646,RWA392,392,"02 November 2009",2009,1,Protests,"Peaceful protest","Protesters (Rwanda)",,6,,,0,60,"Eastern Africa",Rwanda,"Western Province",Nyabihu,Kabatwa,Gihorwe,-1.5768,29.4137,1,"Local Source",Subnational,"The murder of a resident of the area of Gihorwe cell, in Kabatwa sector, of Nyabihu district by an RPA soldier sparked two days of demonstrations against them.",0,1574110451,RWA
4967604,646,RWA389,389,"31 July 2009",2009,1,Battles,"Armed clash","Military Forces of Rwanda (1994-)",,1,"Unidentified Armed Group (Rwanda)",,3,13,"Eastern Africa",Rwanda,"Western Province",Rubavu,Gisenyi,Gisenyi,-1.7008,29.2633,1,"All Africa",Regional,"Three Rwanda Defence Forces soldiers attached to 61 Battalion operating near Virunga National Park at Rwanda-DRC boarder are dead following a shoot out in incident that occurred Wednesday evening at a centre called Gasinzi; about 40km from Rubavu town .A",3,1552577625,RWA
4968299,646,RWA385,385,"23 May 2009",2009,1,Protests,"Peaceful protest","Protesters (Burundi)",,6,,,0,60,"Eastern Africa",Rwanda,"Southern Province",Ruhango,Ruhango,Ruhango,-2.2333,29.7833,1,"All Africa",Regional,"Residents of Ruhango rioted to protest their eviction from the Gishwati forest. Pulled up over 70,000 trees.",0,1552577626,RWA
5294853,646,RWA379,379,"22 December 2008",2008,1,Protests,"Peaceful protest","Protesters (Rwanda)",,6,,,0,60,"Eastern Africa",Rwanda,"Kigali City",Nyarugenge,Kigali,Kigali,-1.9638,30.0383,1,AFP,International,"protests continue near the German embassy over the arrest of Rose Kabuye",0,1561469222,RWA
5294852,646,RWA378,378,"19 November 2008",2008,1,Protests,"Peaceful protest","Protesters (Rwanda)",,6,,,0,60,"Eastern Africa",Rwanda,"Kigali City",Nyarugenge,Kigali,Kigali,-1.9638,30.0383,1,AFP,International,"Tens of Thousands of Rwandans participate in a fourth day of protests over the arrest of Rose Kabuye as she is extradited to France",0,1561469222,RWA
5294851,646,RWA377,377,"17 November 2008",2008,1,Protests,"Peaceful protest","Protesters (Rwanda)",,6,,,0,60,"Eastern Africa",Rwanda,"Kigali City",Nyarugenge,Kigali,Kigali,-1.9638,30.0383,1,"New Times (Rwanda)",National,"More than three thousand local government leaders in Kigali City yesterday also added their voice in the protest against the arrest of Rose Kabuye",0,1561469222,RWA
5294850,646,RWA376,376,"12 November 2008",2008,1,Protests,"Peaceful protest","Protesters (Rwanda)","Women (Rwanda)",6,,,0,60,"Eastern Africa",Rwanda,"Kigali City",Nyarugenge,Kigali,Kigali,-1.9638,30.0383,1,"New Times (Rwanda)",National,"Thousands of women added their voice to the protests against the arrest in Germany of Director of State Protocol, Rose Kabuye",0,1561469222,RWA
5294849,646,RWA375,375,"11 November 2008",2008,1,Protests,"Peaceful protest","Protesters (Rwanda)",,6,,,0,60,"Eastern Africa",Rwanda,"Kigali City",Nyarugenge,Kigali,Kigali,-1.9638,30.0383,1,"New Times (Rwanda)",National,"youths across Kigali protested Germanys arrest of RPA Col. Rose Kabuye, a senior Rwanda Official indicted by a French anti-terrorism judge",0,1561469222,RWA
5294848,646,RWA374,374,"10 November 2008",2008,1,Protests,"Peaceful protest","Protesters (Rwanda)",,6,,,0,60,"Eastern Africa",Rwanda,"Kigali City",Nyarugenge,Kigali,Kigali,-1.9638,30.0383,1,"New Times (Rwanda); Rwanda News Agency",National,"hundreds to thousands protest Germanys arrest of RPA Col. Rose Kabuye, a senior Rwanda Official indicted by a French anti-terrorism judge",0,1561469222,RWA
5294846,646,RWA372,372,"23 September 2008",2008,1,Battles,"Armed clash","Police Forces of Rwanda (1994-)",,1,"Military Forces of Rwanda (1994-)",,1,11,"Eastern Africa",Rwanda,"Kigali City",Gasabo,Remera,Gasharu,-1.9628,30.0979,1,"New Times (Rwanda)",National,"Policeman, escort to the Minister of Internal Security in Gasharu, shoots and kills a military officer near the Ministers Residence",1,1561469222,RWA
5294835,646,RWA360,360,"13 April 2007",2007,2,Protests,"Peaceful protest","Protesters (Rwanda)","RPFA: Rwanda Pastoralists and Farmers Association",6,,,0,60,"Eastern Africa",Rwanda,"Kigali City",Nyarugenge,Kigali,Kigali,-1.9638,30.0383,3,"New Times (Rwanda)",National,"Rwandans in the countryside escalated anti-France protests under their umbrella body, the Rwanda Pastoralists and Farmers Association (RPFA), criticising France for meddling in Rwandan affairs and for its role in the 1994 genocide",0,1561469222,RWA
5294819,646,RWA345,345,"25 November 2006",2006,1,Protests,"Peaceful protest","Protesters (Burundi)",,6,,,0,60,"Eastern Africa",Rwanda,"Kigali City",Nyarugenge,Kigali,Kigali,-1.9638,30.0383,3,"New Times (Rwanda)",National,"15,000 demonstrators flooded the streets in protest of the frenchs role in the genocide and their call for the arrest and trial of Kagame.",0,1561469222,RWA
5294820,646,RWA346,346,"25 November 2006",2006,1,Protests,"Peaceful protest","Protesters (Burundi)",,6,,,0,60,"Eastern Africa",Rwanda,"Kigali City",Nyarugenge,Kigali,Kigali,-1.9638,30.0383,3,"New Times (Rwanda)",National,"15,000 demonstrators flooded the streets in protest of the frenchs role in the genocide and their call for the arrest and trial of Kagame.",0,1561469222,RWA
6255746,646,RWA331,331,"06 April 2004",2004,1,Battles,"Armed clash","Military Forces of Rwanda (1994-)",,1,"FDLR: Democratic Forces for the Liberation of Rwanda",,2,12,"Eastern Africa",Rwanda,"Western Province",Rubavu,Gisenyi,Gisenyi,-1.7008,29.2633,1,"BBC News",International,"FDLR attempted to attack north-west Kabuhanga. Intercepted by the Rwandan military and 16 killed, many wounded. The rest fled back to DRC. Atackers came from Lusamambo [phonetic] area of Lubero in [northeastern] DRCongo.",16,1572403704,RWA
4993571,646,RWA325,325,"27 June 2002",2002,1,Protests,"Peaceful protest","Protesters (Rwanda)","Ibuka; AVEGA: Association of Widows of the Rwandan Genocide",6,,,0,60,"Eastern Africa",Rwanda,"Kigali City",Nyarugenge,Kigali,Kigali,-1.9638,30.0383,1,Internews,International,"An estimated 3500 demonstrators, organized by genocide survivor organizations IBUKA and AVEGA, surrounded the prosecutors headquarters of the International Criminal Tribunal for Rwanda (ICTR), to protest alleged harassment of witnesses and the hiring of alleged genocide suspects",0,1552577655,RWA
7211140,646,RWA323,323,"22 February 2002",2002,1,Battles,"Armed clash","Military Forces of Rwanda (1994-)",,1,"Interahamwe Militia","Former Military Forces of Rwanda (1973-1994)",3,13,"Eastern Africa",Rwanda,"Western Province",Rubavu,Rubavu,"Colline Rukoko",-1.65,29.2667,1,"All Africa",Regional,"RPA is trying to prevent the Hutu militias from coming from DRC through cibitoke, bubana and kibina",0,1600121120,RWA
7211113,646,RWA322,322,"21 February 2002",2002,1,Battles,"Armed clash","Military Forces of Rwanda (1994-)",,1,"Interahamwe Militia","Former Military Forces of Rwanda (1973-1994)",3,13,"Eastern Africa",Rwanda,"Western Province",Rubavu,Rubavu,"Colline Rukoko",-1.65,29.2667,1,"All Africa",Regional,"RPA is trying to prevent the Hutu militias from coming from DRC through cibitoke, bubana and kibina",0,1600121120,RWA
5294803,646,RWA318,318,"15 July 2001",2001,1,Battles,"Armed clash","Military Forces of Rwanda (1994-)",,1,"ALIR: Army for the Liberation of Rwanda",,2,12,"Eastern Africa",Rwanda,"Kigali City",Nyarugenge,Kigali,Kigali,-1.9638,30.0383,1,Reuters,International,"RPA captured Colonel Peter Habimana, chief of staff of the ALIR I rebel movement. (location unspecified)",0,1561469222,RWA
4997221,646,RWA317,317,"14 July 2001",2001,1,Battles,"Armed clash","Military Forces of Rwanda (1994-)",,1,"Hutu Rebels",,2,12,"Eastern Africa",Rwanda,"Northern Province",Musanze,Muhoza,Kigombe,-1.6291,29.6358,1,"All Africa",Regional,"16 rebels have been killed, 18 captured and 6 others surrendered in an operation by the RPA [Rwandan Patriotic Army] in the districts of Buhoma [phonetic] and Nyarutovu in Ruhengeri Province.",16,1552577659,RWA
5294802,646,RWA316,316,"13 July 2001",2001,1,Battles,"Armed clash","Military Forces of Rwanda (1994-)",,1,"Interahamwe Militia",,3,13,"Eastern Africa",Rwanda,"Northern Province",Musanze,Muhoza,Kigombe,-1.6291,29.6358,1,AFP,International,"RPA captured 3 Hutu rebels from DRC in Ruhengeri.",0,1561469222,RWA
4997409,646,RWA314,314,"29 June 2001",2001,1,Battles,"Armed clash","Hutu Rebels",,2,"Military Forces of Rwanda (1994-)",,1,12,"Eastern Africa",Rwanda,"Southern Province",Muhanga,Nyamabuye,Gitarama,-2.0744,29.7567,1,"All Africa",Regional,"A police officer was killed and the mayor of Bonija [phonetic] District in Gitarama Province [southcentral Rwanda] and his deputy seriously injured during an assassination attempt carried out by rebels.",1,1552577660,RWA
4997441,646,RWA313,313,"25 June 2001",2001,1,Battles,"Armed clash","Military Forces of Rwanda (1994-)",,1,"Hutu Rebels",,2,12,"Eastern Africa",Rwanda,"Western Province",Rubavu,Rugerero,Rubavu,-1.6894,29.3025,1,"All Africa",Regional,"Rwandan Patriotic Army [RPA] forces in Gisenyi [Province, northwestern Rwanda] said Maj Paris Ishimwe [last two elements phonetic], an ex-FAR [Rwandan Armed Forces], was shot dead yesterday. He was killed at Gaseke District [in Gisenyi Province] in a pla",1,1552577660,RWA
4997504,646,RWA312,312,"19 June 2001",2001,1,Battles,"Armed clash","Military Forces of Rwanda (1994-)",,1,"Hutu Rebels",,2,12,"Eastern Africa",Rwanda,"Western Province",Rubavu,Rugerero,Rubavu,-1.6894,29.3025,1,"All Africa",Regional,"One member of ex-FAR, Lt-Col Evariste Bazimwabo, has been killed in Kanama District of Gisenyi Province in the mountains of Gishwati Natural Forest in a fierce fighting that left 11 members of his group dead and 10 others taken captives by the RPF.",12,1552577660,RWA
4997551,646,RWA311,311,"16 June 2001",2001,1,Battles,"Armed clash","Military Forces of Rwanda (1994-)",,1,"Hutu Rebels",,2,12,"Eastern Africa",Rwanda,"Northern Province",Musanze,Nyange,Kinigi,-1.4427,29.598,1,"All Africa",Regional,"Eight infiltrators were killed and 16 others captured. This followed an attempted attack by infiltrators in some areas of Kinigi and Ubukonya Districts.",8,1552577660,RWA
5294800,646,RWA310,310,"13 June 2001",2001,1,Battles,"Armed clash","Military Forces of Rwanda (1994-)",,1,"Interahamwe Militia",,3,13,"Eastern Africa",Rwanda,"Western Province",Nyabihu,Rugera,Nyamutera,-1.6316,29.633,1,AFP,International,"Ten members of the Interahamwe were killed during a firefight with troops from the Rwandan army in the northwestern Nyamutera and Giciye areas.",10,1561469222,RWA
7210538,646,RWA309,309,"12 June 2001",2001,1,Battles,"Armed clash","Interahamwe Militia",,3,"Military Forces of Rwanda (1994-)",,1,13,"Eastern Africa",Rwanda,"Northern Province",Musanze,Muhoza,Kigombe,-1.6291,29.6358,1,AFP,International,"Rwandan Hutu extremists tried to enter Rwanda from DRC again. They moved through northwest Rwanda in Bohoma district. THe clashed with government forces on the slopes of the volcanic mount Karisimbi. (such clashes have taken place nearly daily for the la",0,1600121118,RWA
7210566,646,RWA308,308,"11 June 2001",2001,1,Battles,"Armed clash","Interahamwe Militia",,3,"Military Forces of Rwanda (1994-)",,1,13,"Eastern Africa",Rwanda,"Northern Province",Musanze,Muhoza,Kigombe,-1.6291,29.6358,1,AFP,International,"Rwandan Hutu extremists tried to enter Rwanda from DRC again. They moved through northwest Rwanda in Bohoma district. THe clashed with government forces on the slopes of the volcanic mount Karisimbi. (such clashes have taken place nearly daily for the la",0,1600121118,RWA
7210524,646,RWA307,307,"10 June 2001",2001,1,Battles,"Armed clash","Interahamwe Militia",,3,"Military Forces of Rwanda (1994-)",,1,13,"Eastern Africa",Rwanda,"Northern Province",Musanze,Muhoza,Kigombe,-1.6291,29.6358,1,AFP,International,"Rwandan Hutu extremists tried to enter Rwanda from DRC again. They moved through northwest Rwanda in Bohoma district. THe clashed with government forces on the slopes of the volcanic mount Karisimbi. (such clashes have taken place nearly daily for the la",0,1600121118,RWA
7210573,646,RWA306,306,"09 June 2001",2001,1,Battles,"Armed clash","Interahamwe Militia",,3,"Military Forces of Rwanda (1994-)",,1,13,"Eastern Africa",Rwanda,"Northern Province",Musanze,Muhoza,Kigombe,-1.6291,29.6358,1,AFP,International,"Rwandan Hutu extremists tried to enter Rwanda from DRC again. They moved through northwest Rwanda in Bohoma district. THe clashed with government forces on the slopes of the volcanic mount Karisimbi. (such clashes have taken place nearly daily for the la",0,1600121118,RWA
7210749,646,RWA305,305,"08 June 2001",2001,1,Battles,"Armed clash","Interahamwe Militia",,3,"Military Forces of Rwanda (1994-)",,1,13,"Eastern Africa",Rwanda,"Northern Province",Musanze,Muhoza,Kigombe,-1.6291,29.6358,1,AFP,International,"Rwandan Hutu extremists tried to enter Rwanda from DRC again. They moved through northwest Rwanda in Bohoma district. THe clashed with government forces on the slopes of the volcanic mount Karisimbi. (such clashes have taken place nearly daily for the la",0,1600121119,RWA
7210574,646,RWA304,304,"07 June 2001",2001,1,Battles,"Armed clash","Interahamwe Militia",,3,"Military Forces of Rwanda (1994-)",,1,13,"Eastern Africa",Rwanda,"Northern Province",Musanze,Muhoza,Kigombe,-1.6291,29.6358,1,AFP,International,"Rwandan Hutu extremists tried to enter Rwanda from DRC again. They moved through northwest Rwanda in Bohoma district. THe clashed with government forces on the slopes of the volcanic mount Karisimbi. (such clashes have taken place nearly daily for the la",0,1600121118,RWA
7210532,646,RWA302,302,"06 June 2001",2001,1,Battles,"Armed clash","Interahamwe Militia",,3,"Military Forces of Rwanda (1994-)",,1,13,"Eastern Africa",Rwanda,"Northern Province",Musanze,Muhoza,Kigombe,-1.6291,29.6358,1,AFP,International,"Rwandan Hutu extremists tried to enter Rwanda from DRC again. They moved through northwest Rwanda in Bohoma district. THe clashed with government forces on the slopes of the volcanic mount Karisimbi. (such clashes have taken place nearly daily for the la",0,1600121118,RWA
5294793,646,RWA303,303,"06 June 2001",2001,1,Battles,"Armed clash","Military Forces of Rwanda (1994-)",,1,"Interahamwe Militia",,3,13,"Eastern Africa",Rwanda,"Western Province",Rubavu,Rugerero,Rubavu,-1.6894,29.3025,1,AFP,International,"RPA killed 150 Hutu militiamen when they tried to enter Rwanda from DRC through Gisenyi.",150,1561469222,RWA
4997748,646,RWA301,301,"03 June 2001",2001,1,Battles,"Armed clash","Military Forces of Rwanda (1994-)",,1,"Interahamwe Militia",,3,13,"Eastern Africa",Rwanda,"Northern Province",Musanze,Muhoza,Ruhengeri,-1.4998,29.635,1,"All Africa",Regional,"Interahamwe [Rwandan Hutu rebels] militias and former Rwandan army (ex-FAR) officers have been killed as more than half of their fighting force is said to have been decimated in over six weeks of fighting in the northwestern provinces of Ruhengeri and Gi",0,1552577660,RWA
7213597,646,RWA300,300,"26 May 2001",2001,1,Battles,"Armed clash","Military Forces of Rwanda (1994-)",,1,"Interahamwe Militia",,3,13,"Eastern Africa",Rwanda,"Western Province",Rubavu,Gisenyi,Gisenyi,-1.7008,29.2633,1,Reuters,International,"Fighting erupted again in northwest Gisenyi province, leading to the death of a further 20 Interhamwe Hutu rebels from DRC and the capture of 20.",7,1600121129,RWA
7213659,646,RWA299,299,"25 May 2001",2001,1,Battles,"Armed clash","Military Forces of Rwanda (1994-)",,1,"Interahamwe Militia",,3,13,"Eastern Africa",Rwanda,"Western Province",Rubavu,Gisenyi,Gisenyi,-1.7008,29.2633,1,Reuters,International,"Fighting erupted again in northwest Gisenyi province, leading to the death of a further 20 Interhamwe Hutu rebels from DRC and the capture of 20.",7,1600121129,RWA
4997926,646,RWA298,298,"24 May 2001",2001,1,Battles,"Armed clash","Military Forces of Rwanda (1994-)",,1,"Hutu Rebels",,2,12,"Eastern Africa",Rwanda,"Western Province",Rubavu,Gisenyi,Gisenyi,-1.7008,29.2633,1,"All Africa",Regional,"Rebels and government forces clash in Cyanzara District of Gisenyi Province but rebels were defeated by the security organs in collaboration with the local population.",0,1552577660,RWA
7213651,646,RWA297,297,"24 May 2001",2001,1,Battles,"Armed clash","Military Forces of Rwanda (1994-)",,1,"Interahamwe Militia",,3,13,"Eastern Africa",Rwanda,"Western Province",Rubavu,Gisenyi,Gisenyi,-1.7008,29.2633,1,Reuters,International,"Fighting erupted again in northwest Gisenyi province, leading to the death of a further 20 Interhamwe Hutu rebels from DRC and the capture of 20.",7,1600121129,RWA
4997982,646,RWA296,296,"21 May 2001",2001,1,Battles,"Armed clash","Military Forces of Rwanda (1994-)",,1,"Hutu Rebels",,2,12,"Eastern Africa",Rwanda,"Northern Province",Musanze,Muhoza,Ruhengeri,-1.4998,29.635,1,"All Africa",Regional,"70 rebels arrived in the Ruhamo area. 30 were killed in the ensuing clashes in Ruginyo between the rebels and government forces, and some 10 others were captured.",30,1552577660,RWA
4998217,646,RWA295,295,"01 May 2001",2001,1,Battles,"Armed clash","Military Forces of Rwanda (1994-)",,1,"Hutu Rebels",,2,12,"Eastern Africa",Rwanda,"Western Province",Rubavu,Gisenyi,Gisenyi,-1.7008,29.2633,1,"All Africa",Regional,"About 700 infiltrators have been killed and more than 300 captured by Rwandan government forces beginning May [2001].",700,1552577661,RWA
5000530,646,RWA292,292,"28 September 2000",2000,1,Battles,"Armed clash","Military Forces of Burundi (1996-2005)",,8,"Hutu Rebels",,2,28,"Eastern Africa",Rwanda,"Southern Province",Nyamagabe,Cyanika,Nyanza,-2.45,29.6,1,"All Africa",Regional,"Hostages were freed after government forces intervened resulting in the deaths of one soldier and three rebels. The toll from fighting around Nyanza and Shanga was still unknown.",4,1552577663,RWA
5000752,646,RWA291,291,"08 September 2000",2000,1,Battles,"Armed clash","Military Forces of Rwanda (1994-)",,1,"Unidentified Armed Group (Rwanda)",,3,13,"Eastern Africa",Rwanda,"Kigali City",Nyarugenge,Kigali,Kigali,-1.9638,30.0383,1,"All Africa",Regional,"Police clash with bandits killing 2 and arresting 6.",2,1552577663,RWA
5001826,646,RWA288,288,"07 June 2000",2000,1,Battles,"Armed clash","Military Forces of Rwanda (1994-)",,1,"Hutu Rebels",,2,12,"Eastern Africa",Rwanda,"Northern Province",Gicumbi,Byumba,Byumba,-1.5761,30.0675,1,"All Africa",Regional,"The Rwandan army has killed [date not specified] 150 militias and 35 others captured in an attack by Interahamwe [Rwanda Hutu extremist] militias from the Democratic Republic of Congo (DRCongo) in the northern part of the country.",150,1552577664,RWA
6270080,646,RWA277,277,"15 January 2000",2000,3,Battles,"Armed clash","Unidentified Armed Group (Rwanda)",,3,"Military Forces of Rwanda (1994-) Local Defence Force",,1,13,"Eastern Africa",Rwanda,"Northern Province",Musanze,Muhoza,Ruhengeri,-1.4998,29.635,1,HRW,Other,"LDF member shot by unknown assailants",1,1572403722,RWA
6270630,646,RWA276,276,"03 January 2000",2000,1,Battles,"Armed clash","Military Forces of Rwanda (1994-) Local Defence Force",,1,"Military Forces of Rwanda (1994-) Local Defence Force",,1,11,"Eastern Africa",Rwanda,"Northern Province",Musanze,Remera,Ruhondo,-1.5291,29.7244,1,HRW,Other,"One LDF member intentionally shoots and kills another",1,1572403722,RWA
6232723,646,RWA275,275,"24 December 1999",1999,1,Battles,"Armed clash","Hutu Rebels",,2,"Military Forces of Rwanda (1994-)",,1,12,"Eastern Africa",Rwanda,"Western Province",Rubavu,Mudende,Mutura,-1.5988,29.3919,1,"HRW; AFP",Other-International,"Rebels attacked Tamira camp in Mutura Commune, Gisenyi Prefecture [northwestern Rwanda], killing 31 people and wounding eight others who are being treated at the Gisenyi Hospital. The attackers had come from the Democratic Republic of Congo [DRC]. The Rw",31,1572403612,RWA
5003759,646,RWA274,274,"16 December 1999",1999,1,Battles,"Armed clash","Military Forces of Burundi (1996-2005)",,8,"Hutu Rebels",,2,28,"Eastern Africa",Rwanda,"Northern Province",Burera,Butaro,Musama,-1.3833,29.85,1,"All Africa",Regional,"Twenty-seven assailants were killed and 19 weapons seized in an ambush laid by the national army for the rebels at a mountain between Musama and Rugembe hills in Kabezi Commune [Bujumbura Rural].",27,1552577667,RWA
6269637,646,RWA273,273,"12 December 1999",1999,1,Battles,"Armed clash","Unidentified Armed Group (Rwanda)",,3,"Military Forces of Rwanda (1994-) Local Defence Force","Ruhungeri Local Defense",1,13,"Eastern Africa",Rwanda,"Northern Province",Musanze,Muhoza,Ruhengeri,-1.4998,29.635,1,HRW,Other,"Two young men on a night patrol of their neighborhood (as encouraged/condoned by the military) fired upon by unknown assailants rumored to be former soldiers, one killed, the other injured",1,1572403721,RWA
5004121,646,RWA271,271,"15 November 1999",1999,1,Protests,"Peaceful protest","Protesters (Rwanda)",,6,,,0,60,"Eastern Africa",Rwanda,"Kigali City",Nyarugenge,Kigali,Kigali,-1.9638,30.0383,1,"All Africa",Regional,"Demonstrations in Kigali protest against release of Mr Jean-Bosco Barayagwiza, one of the top masterminds of the 1994 genocide and killings, by the International Criminal Tribunal for Rwanda [ICTR].",0,1552577667,RWA
5005504,646,RWA266,266,"27 July 1999",1999,1,Protests,"Peaceful protest","Protesters (Rwanda)",,6,,,0,60,"Eastern Africa",Rwanda,"Kigali City",Nyarugenge,Kigali,Kigali,-1.9638,30.0383,1,"All Africa",Regional,"Demonstrations in protest against increased prices on fresh milk imported from Uganda through Gatuna and Kagitumba border posts.",0,1552577669,RWA
5009157,646,RWA262,262,"29 November 1998",1998,1,Battles,"Armed clash","Military Forces of Rwanda (1994-)",,1,"Hutu Rebels",,2,12,"Eastern Africa",Rwanda,"Western Province",Ngororero,Kageyo,Ramba,-1.8674,29.5463,1,"All Africa",Regional,"250 rebels killed in 2 week operation by RPA in Ramba and Gaseke communes, in northwest Gisenyi Prefecture.",17,1552577673,RWA
5009166,646,RWA261,261,"28 November 1998",1998,1,Battles,"Armed clash","Military Forces of Rwanda (1994-)",,1,"Hutu Rebels",,2,12,"Eastern Africa",Rwanda,"Western Province",Ngororero,Kageyo,Ramba,-1.8674,29.5463,1,"All Africa",Regional,"250 rebels killed in 2 week operation by RPA in Ramba and Gaseke communes, in northwest Gisenyi Prefecture.",18,1552577673,RWA
5009178,646,RWA260,260,"27 November 1998",1998,1,Battles,"Armed clash","Military Forces of Rwanda (1994-)",,1,"Hutu Rebels",,2,12,"Eastern Africa",Rwanda,"Western Province",Ngororero,Kageyo,Ramba,-1.8674,29.5463,1,"All Africa",Regional,"250 rebels killed in 2 week operation by RPA in Ramba and Gaseke communes, in northwest Gisenyi Prefecture.",17,1552577673,RWA
5009190,646,RWA258,258,"26 November 1998",1998,1,Battles,"Armed clash","Military Forces of Rwanda (1994-)",,1,"Hutu Rebels",,2,12,"Eastern Africa",Rwanda,"Western Province",Ngororero,Kageyo,Ramba,-1.8674,29.5463,1,"All Africa",Regional,"250 rebels killed in 2 week operation by RPA in Ramba and Gaseke communes, in northwest Gisenyi Prefecture.",17,1552577673,RWA
5009201,646,RWA257,257,"25 November 1998",1998,1,Battles,"Armed clash","Military Forces of Rwanda (1994-)",,1,"Hutu Rebels",,2,12,"Eastern Africa",Rwanda,"Western Province",Ngororero,Kageyo,Ramba,-1.8674,29.5463,1,"All Africa",Regional,"250 rebels killed in 2 week operation by RPA in Ramba and Gaseke communes, in northwest Gisenyi Prefecture.",17,1552577673,RWA
5009207,646,RWA256,256,"24 November 1998",1998,1,Battles,"Armed clash","Military Forces of Rwanda (1994-)",,1,"Hutu Rebels",,2,12,"Eastern Africa",Rwanda,"Western Province",Ngororero,Kageyo,Ramba,-1.8674,29.5463,1,"All Africa",Regional,"250 rebels killed in 2 week operation by RPA in Ramba and Gaseke communes, in northwest Gisenyi Prefecture.",17,1552577673,RWA
5009220,646,RWA255,255,"23 November 1998",1998,1,Battles,"Armed clash","Military Forces of Rwanda (1994-)",,1,"Hutu Rebels",,2,12,"Eastern Africa",Rwanda,"Western Province",Ngororero,Kageyo,Ramba,-1.8674,29.5463,1,"All Africa",Regional,"250 rebels killed in 2 week operation by RPA in Ramba and Gaseke communes, in northwest Gisenyi Prefecture.",17,1552577673,RWA
5009233,646,RWA254,254,"22 November 1998",1998,1,Battles,"Armed clash","Military Forces of Rwanda (1994-)",,1,"Hutu Rebels",,2,12,"Eastern Africa",Rwanda,"Western Province",Ngororero,Kageyo,Ramba,-1.8674,29.5463,1,"All Africa",Regional,"250 rebels killed in 2 week operation by RPA in Ramba and Gaseke communes, in northwest Gisenyi Prefecture.",17,1552577673,RWA
5009242,646,RWA253,253,"21 November 1998",1998,1,Battles,"Armed clash","Military Forces of Rwanda (1994-)",,1,"Hutu Rebels",,2,12,"Eastern Africa",Rwanda,"Western Province",Ngororero,Kageyo,Ramba,-1.8674,29.5463,1,"All Africa",Regional,"250 rebels killed in 2 week operation by RPA in Ramba and Gaseke communes, in northwest Gisenyi Prefecture.",18,1552577673,RWA
5009250,646,RWA252,252,"20 November 1998",1998,1,Battles,"Armed clash","Military Forces of Rwanda (1994-)",,1,"Hutu Rebels",,2,12,"Eastern Africa",Rwanda,"Western Province",Ngororero,Kageyo,Ramba,-1.8674,29.5463,1,"All Africa",Regional,"250 rebels killed in 2 week operation by RPA in Ramba and Gaseke communes, in northwest Gisenyi Prefecture.",18,1552577673,RWA
5009255,646,RWA251,251,"19 November 1998",1998,1,Battles,"Armed clash","Military Forces of Rwanda (1994-)",,1,"Hutu Rebels",,2,12,"Eastern Africa",Rwanda,"Western Province",Ngororero,Kageyo,Ramba,-1.8674,29.5463,1,"All Africa",Regional,"250 rebels killed in 2 week operation by RPA in Ramba and Gaseke communes, in northwest Gisenyi Prefecture.",18,1552577673,RWA
5009268,646,RWA250,250,"18 November 1998",1998,1,Battles,"Armed clash","Military Forces of Rwanda (1994-)",,1,"Hutu Rebels",,2,12,"Eastern Africa",Rwanda,"Western Province",Ngororero,Kageyo,Ramba,-1.8674,29.5463,1,"All Africa",Regional,"250 rebels killed in 2 week operation by RPA in Ramba and Gaseke communes, in northwest Gisenyi Prefecture.",18,1552577673,RWA
5009277,646,RWA249,249,"17 November 1998",1998,1,Battles,"Armed clash","Military Forces of Rwanda (1994-)",,1,"Hutu Rebels",,2,12,"Eastern Africa",Rwanda,"Western Province",Ngororero,Kageyo,Ramba,-1.8674,29.5463,1,"All Africa",Regional,"250 rebels killed in 2 week operation by RPA in Ramba and Gaseke communes, in northwest Gisenyi Prefecture.",18,1552577673,RWA
5009285,646,RWA247,247,"16 November 1998",1998,1,Battles,"Armed clash","Military Forces of Rwanda (1994-)",,1,"Hutu Rebels",,2,12,"Eastern Africa",Rwanda,"Western Province",Ngororero,Kageyo,Ramba,-1.8674,29.5463,1,"All Africa",Regional,"250 rebels killed in 2 week operation by RPA in Ramba and Gaseke communes, in northwest Gisenyi Prefecture.",18,1552577673,RWA
5009706,646,RWA245,245,"11 October 1998",1998,1,Battles,"Armed clash","Military Forces of Rwanda (1994-)",,1,"Hutu Rebels",,2,12,"Eastern Africa",Rwanda,"Northern Province",Musanze,Muhoza,Kigombe,-1.6291,29.6358,1,"All Africa",Regional,"RPA forces carried out a military operation in various parts of Ruhengeri Prefecture [northwestern Rwanda] aimed at curbing infiltrators in the area. 378 rebels were killed, 19 were captured and 73 rifles taken.",63,1552577673,RWA
5009720,646,RWA244,244,"10 October 1998",1998,1,Battles,"Armed clash","Military Forces of Rwanda (1994-)",,1,"Hutu Rebels",,2,12,"Eastern Africa",Rwanda,"Northern Province",Musanze,Muhoza,Kigombe,-1.6291,29.6358,1,"All Africa",Regional,"RPA forces carried out a military operation in various parts of Ruhengeri Prefecture [northwestern Rwanda] aimed at curbing infiltrators in the area. 378 rebels were killed, 19 were captured and 73 rifles taken.",63,1552577673,RWA
5009726,646,RWA243,243,"09 October 1998",1998,1,Battles,"Armed clash","Military Forces of Rwanda (1994-)",,1,"Hutu Rebels",,2,12,"Eastern Africa",Rwanda,"Northern Province",Musanze,Muhoza,Kigombe,-1.6291,29.6358,1,"All Africa",Regional,"RPA forces carried out a military operation in various parts of Ruhengeri Prefecture [northwestern Rwanda] aimed at curbing infiltrators in the area. 378 rebels were killed, 19 were captured and 73 rifles taken.",63,1552577673,RWA
5009744,646,RWA242,242,"08 October 1998",1998,1,Battles,"Armed clash","Military Forces of Rwanda (1994-)",,1,"Hutu Rebels",,2,12,"Eastern Africa",Rwanda,"Northern Province",Musanze,Muhoza,Kigombe,-1.6291,29.6358,1,"All Africa",Regional,"RPA forces carried out a military operation in various parts of Ruhengeri Prefecture [northwestern Rwanda] aimed at curbing infiltrators in the area. 378 rebels were killed, 19 were captured and 73 rifles taken.",63,1552577673,RWA
5009761,646,RWA241,241,"07 October 1998",1998,1,Battles,"Armed clash","Military Forces of Rwanda (1994-)",,1,"Hutu Rebels",,2,12,"Eastern Africa",Rwanda,"Northern Province",Musanze,Muhoza,Kigombe,-1.6291,29.6358,1,"All Africa",Regional,"RPA forces carried out a military operation in various parts of Ruhengeri Prefecture [northwestern Rwanda] aimed at curbing infiltrators in the area. 378 rebels were killed, 19 were captured and 73 rifles taken.",63,1552577673,RWA
5009778,646,RWA240,240,"06 October 1998",1998,1,Battles,"Armed clash","Military Forces of Rwanda (1994-)",,1,"Hutu Rebels",,2,12,"Eastern Africa",Rwanda,"Northern Province",Musanze,Muhoza,Kigombe,-1.6291,29.6358,1,"All Africa",Regional,"RPA forces carried out a military operation in various parts of Ruhengeri Prefecture [northwestern Rwanda] aimed at curbing infiltrators in the area. 378 rebels were killed, 19 were captured and 73 rifles taken.",63,1552577673,RWA
5009830,646,RWA239,239,"05 October 1998",1998,1,Battles,"Armed clash","Military Forces of Rwanda (1994-)",,1,"Hutu Rebels",,2,12,"Eastern Africa",Rwanda,"Western Province",Ngororero,Hindiro,Satinsyi,-1.8113,29.628,1,"All Africa",Regional,"The Rwandan army killed six infiltrators near Vunga, Satinshyi Commune, in northwest Gisenyi.",6,1552577673,RWA
5009860,646,RWA238,238,"02 October 1998",1998,1,Battles,"Armed clash","Interahamwe Militia",,3,"Military Forces of Rwanda (1994-)",,1,13,"Eastern Africa",Rwanda,"Western Province",Rubavu,Nyakiriba,Kanama,-1.6947,29.3505,1,"All Africa",Regional,"6 were killed (only one was a RPA, the rest were civilian) and 6 wounded when 30 armed insurgents wearing military uniforms attacked Kanama. First they attacked a government building then a co-op, and looted it. (claimed by government to have been done b",6,1552577673,RWA
5009883,646,RWA237,237,"01 October 1998",1998,1,Battles,"Armed clash","Military Forces of Rwanda (1994-)",,1,"Hutu Rebels",,2,12,"Eastern Africa",Rwanda,"Northern Province",Musanze,Nyange,Kinigi,-1.4427,29.598,1,"All Africa",Regional,"RPA killed nine infiltrators who had attempted to raid a camp of displaced in Kinigi Commune and captured some military equipment",9,1552577673,RWA
5009897,646,RWA236,236,"30 September 1998",1998,1,Battles,"Armed clash","Military Forces of Rwanda (1994-)",,1,"Hutu Rebels",,2,12,"Eastern Africa",Rwanda,"Northern Province",Gakenke,Mugunga,Gatonde,-1.6541,29.6694,1,"All Africa",Regional,"16 rebels killed in Gatonde as they were trying to kill IDPs.",16,1552577673,RWA
7213615,646,RWA234,234,"15 September 1998",1998,1,Battles,"Armed clash","Hutu Rebels",,2,"Military Forces of Rwanda (1994-)",,1,12,"Eastern Africa",Rwanda,"Western Province",Rubavu,Gisenyi,Gisenyi,-1.7008,29.2633,1,Reuters,International,"Rwandan troops repelled Hutu rebels when they attacked Gisenyi.",0,1600121129,RWA
7211160,646,RWA231,231,"04 September 1998",1998,1,Battles,"Armed clash","Military Forces of Rwanda (1994-)",,1,"Interahamwe Militia",,3,13,"Eastern Africa",Rwanda,"Western Province",Ngororero,Nyange,Kivumu,-2.0466,29.5969,1,"All Africa",Regional,"Security forces hunt down the militiamen that attacked the Kivumu prison, killing 70. (was also confirmed that DRC has been supplying the Hutu militia with weapons and ammunition)",70,1600121120,RWA
7274749,646,RWA230,230,"04 September 1998",1998,1,Battles,"Armed clash","Hutu Rebels",,2,"Military Forces of Rwanda (1994-)",,1,12,"Eastern Africa",Rwanda,"Western Province",Ngororero,Nyange,Nyange,-2.0444,29.5877,1,"All Africa",Regional,"Rwandan security forces have 'inflicted a heavy defeat' on more than 2,000 infiltrators who attacked Nyange in the western district of Kibuye. 3 civilian teachers were killed by rebels in the clash. Rebels raided the district from the Mukura forest",3,1604354635,RWA
5010182,646,RWA229,229,"03 September 1998",1998,1,Battles,"Armed clash","Interahamwe Militia",,3,"Military Forces of Rwanda (1994-)",,1,13,"Eastern Africa",Rwanda,"Western Province",Ngororero,Nyange,Kivumu,-2.0466,29.5969,1,Reuters,International,"Interahamwe [Hutu extremist] militia attack Kivumu prison freeing 3000-5000 inmates. (reports differed on the number freed)",0,1552577674,RWA
7211130,646,RWA226,226,"14 August 1998",1998,1,Battles,"Armed clash","Hutu Rebels",,2,"Military Forces of Rwanda (1994-)",,1,12,"Eastern Africa",Rwanda,"Western Province",Rubavu,Nyakiriba,Kanama,-1.6947,29.3505,1,"All Africa",Regional,"Around 300 Hutu rebels attacked Karama sector in Cyungo Commune of Byumba Prefecture. They were immediately intercepted by government forces.",13,1600121120,RWA
7211090,646,RWA222,222,"06 August 1998",1998,1,Battles,"Armed clash","Military Forces of Rwanda (1994-)",,1,"Hutu Rebels",,2,12,"Eastern Africa",Rwanda,"Western Province",Rubavu,Nyakiriba,Kanama,-1.6947,29.3505,1,"All Africa",Regional,"RPA and Hutu militiamen clash in Kanama. 38 Hutu militiamen are killed and 32 soldiers.",70,1600121120,RWA
5010433,646,RWA221,221,"05 August 1998",1998,1,Protests,"Peaceful protest","Protesters (Rwanda)",,6,,,0,60,"Eastern Africa",Rwanda,"Southern Province",Huye,Ngoma,Butare,-2.5966,29.7394,1,"All Africa",Regional,"Around 200 demonstrators gathered against the release of Haji Rwicaninyoni Ibrahim, who is accused of genocide and other crimes against humanity.",0,1552577674,RWA
5010446,646,RWA220,220,"04 August 1998",1998,1,Battles,"Armed clash","Military Forces of Rwanda (1994-)",,1,"Hutu Rebels",,2,12,"Eastern Africa",Rwanda,"Northern Province",Gakenke,Gakenke,Nyarutovu,-1.6455,29.7708,1,"All Africa",Regional,"The Rwandan army has killed 60 armed Hutu militiamen including militia leader Lt-Col Mugemany.",60,1552577674,RWA
5010453,646,RWA219,219,"03 August 1998",1998,1,Battles,"Armed clash","Military Forces of Rwanda (1994-)",,1,"ALIR: Army for the Liberation of Rwanda",,2,12,"Eastern Africa",Rwanda,"Northern Province",Gakenke,Gakenke,Nyarutovu,-1.6455,29.7708,1,"All Africa",Regional,"RPA kill another top commander, Lt-Col [Fraudouald] Mugemana of rebel armies. (he was a commander in the ALIR army)",0,1552577674,RWA
5010527,646,RWA215,215,"25 July 1998",1998,1,Battles,"Armed clash","Hutu Rebels",,2,"Military Forces of Rwanda (1994-)",,1,12,"Eastern Africa",Rwanda,"Northern Province",Rulindo,Tumba,"Colline Karama",-1.7333,29.9667,1,"All Africa",Regional,"Three hundred Hutu rebels attacked Sector Karama of Commune Cyungo, Subprefecture Kinihira in Byumba [northern Rwanda] Prefecture. 40 infiltrators were killed, two injured and arrested.",40,1552577674,RWA
5779476,646,RWA213,213,"23 July 1998",1998,1,Battles,"Armed clash","Hutu Rebels",,2,"Military Forces of Rwanda (1994-)",,1,12,"Eastern Africa",Rwanda,"Western Province",Rubavu,Gisenyi,Gisenyi,-1.7008,29.2633,1,"Lloyds List",Other,"Radio Rwanda said more than 250 rebels or their supporters had been killed last week in fighting in the north-western prefectures of Ruhengeri and Gisenyi.",36,1567462170,RWA
5010540,646,RWA214,214,"23 July 1998",1998,1,Battles,"Armed clash","Military Forces of Rwanda (1994-)",,1,"Hutu Rebels",,2,12,"Eastern Africa",Rwanda,"Western Province",Nyabihu,Jomba,Giciye,-1.702,29.559,1,"All Africa",Regional,"RPA killed around 50 rebels and a rebel commander and captured another one.",51,1552577674,RWA
5779509,646,RWA212,212,"22 July 1998",1998,1,Battles,"Armed clash","Hutu Rebels",,2,"Military Forces of Rwanda (1994-)",,1,12,"Eastern Africa",Rwanda,"Western Province",Rubavu,Gisenyi,Gisenyi,-1.7008,29.2633,1,"Lloyds List",Other,"Radio Rwanda said more than 250 rebels or their supporters had been killed last week in fighting in the north-western prefectures of Ruhengeri and Gisenyi.",36,1567462170,RWA
5779465,646,RWA210,210,"21 July 1998",1998,1,Battles,"Armed clash","Hutu Rebels",,2,"Military Forces of Rwanda (1994-)",,1,12,"Eastern Africa",Rwanda,"Western Province",Rubavu,Gisenyi,Gisenyi,-1.7008,29.2633,1,"Lloyds List",Other,"Radio Rwanda said more than 250 rebels or their supporters had been killed last week in fighting in the north-western prefectures of Ruhengeri and Gisenyi.",36,1567462170,RWA
5779493,646,RWA209,209,"20 July 1998",1998,1,Battles,"Armed clash","Hutu Rebels",,2,"Military Forces of Rwanda (1994-)",,1,12,"Eastern Africa",Rwanda,"Western Province",Rubavu,Gisenyi,Gisenyi,-1.7008,29.2633,1,"Lloyds List",Other,"Radio Rwanda said more than 250 rebels or their supporters had been killed last week in fighting in the north-western prefectures of Ruhengeri and Gisenyi.",36,1567462170,RWA
5779349,646,RWA208,208,"19 July 1998",1998,1,Battles,"Armed clash","Hutu Rebels",,2,"Military Forces of Rwanda (1994-)",,1,12,"Eastern Africa",Rwanda,"Western Province",Rubavu,Gisenyi,Gisenyi,-1.7008,29.2633,1,"Lloyds List",Other,"Radio Rwanda said more than 250 rebels or their supporters had been killed last week in fighting in the north-western prefectures of Ruhengeri and Gisenyi.",36,1567462170,RWA
5779444,646,RWA207,207,"18 July 1998",1998,1,Battles,"Armed clash","Hutu Rebels",,2,"Military Forces of Rwanda (1994-)",,1,12,"Eastern Africa",Rwanda,"Western Province",Rubavu,Gisenyi,Gisenyi,-1.7008,29.2633,1,"Lloyds List",Other,"Radio Rwanda said more than 250 rebels or their supporters had been killed last week in fighting in the north-western prefectures of Ruhengeri and Gisenyi.",36,1567462170,RWA
5779508,646,RWA206,206,"17 July 1998",1998,1,Battles,"Armed clash","Military Forces of Rwanda (1994-)",,1,"Hutu Rebels",,2,12,"Eastern Africa",Rwanda,"Western Province",Rubavu,Gisenyi,Gisenyi,-1.7008,29.2633,1,"Lloyds List",Other,"Radio Rwanda said more than 250 rebels or their supporters had been killed last week in fighting in the north-western prefectures of Ruhengeri and Gisenyi.",36,1567462170,RWA
6318868,646,RWA198,198,"28 May 1998",1998,1,Battles,"Armed clash","Military Forces of Rwanda (1994-)",,1,"Interahamwe Militia",,3,13,"Eastern Africa",Rwanda,"Western Province",Rubavu,Cyanzarwe,Busasamana,-1.6355,29.3538,1,Xinhua,International,"Rwandan army clashes with armed Hutu militia at Busasamana in Rwerere commune, in Gisenyi prefecture. They killed 20 militiamen.",20,1572403791,RWA
5011458,646,RWA187,187,"29 April 1998",1998,1,Battles,"Armed clash","Military Forces of Rwanda (1994-)",,1,"Hutu Rebels",,2,12,"Eastern Africa",Rwanda,"Southern Province",Muhanga,Rugendabari,Bulinga,-1.9977,29.6972,1,"All Africa",Regional,"90 infiltrators were killed in Bulinga Commune [central Rwanda] while trying to cross to Gisenyi Prefecture [northwestern Rwanda]. Said to have been a collaborative effort between RPA and residents of the area.",12,1552577675,RWA
5011471,646,RWA185,185,"28 April 1998",1998,1,Battles,"Armed clash","Military Forces of Rwanda (1994-)",,1,"Hutu Rebels",,2,12,"Eastern Africa",Rwanda,"Southern Province",Muhanga,Rugendabari,Bulinga,-1.9977,29.6972,1,"All Africa",Regional,"90 infiltrators were killed in Bulinga Commune [central Rwanda] while trying to cross to Gisenyi Prefecture [northwestern Rwanda]. Said to have been a collaborative effort between RPA and residents of the area.",13,1552577675,RWA
5011481,646,RWA184,184,"27 April 1998",1998,1,Battles,"Armed clash","Military Forces of Rwanda (1994-)",,1,"Hutu Rebels",,2,12,"Eastern Africa",Rwanda,"Southern Province",Muhanga,Rugendabari,Bulinga,-1.9977,29.6972,1,"All Africa",Regional,"90 infiltrators were killed in Bulinga Commune [central Rwanda] while trying to cross to Gisenyi Prefecture [northwestern Rwanda]. Said to have been a collaborative effort between RPA and residents of the area.",13,1552577675,RWA
5011485,646,RWA183,183,"26 April 1998",1998,1,Battles,"Armed clash","Military Forces of Rwanda (1994-)",,1,"Hutu Rebels",,2,12,"Eastern Africa",Rwanda,"Southern Province",Muhanga,Rugendabari,Bulinga,-1.9977,29.6972,1,"All Africa",Regional,"90 infiltrators were killed in Bulinga Commune [central Rwanda] while trying to cross to Gisenyi Prefecture [northwestern Rwanda]. Said to have been a collaborative effort between RPA and residents of the area.",13,1552577675,RWA
5011497,646,RWA182,182,"25 April 1998",1998,1,Battles,"Armed clash","Military Forces of Rwanda (1994-)",,1,"Hutu Rebels",,2,12,"Eastern Africa",Rwanda,"Southern Province",Muhanga,Rugendabari,Bulinga,-1.9977,29.6972,1,"All Africa",Regional,"90 infiltrators were killed in Bulinga Commune [central Rwanda] while trying to cross to Gisenyi Prefecture [northwestern Rwanda]. Said to have been a collaborative effort between RPA and residents of the area.",12,1552577675,RWA
5011502,646,RWA181,181,"24 April 1998",1998,1,Battles,"Armed clash","Military Forces of Rwanda (1994-)",,1,"Hutu Rebels",,2,12,"Eastern Africa",Rwanda,"Southern Province",Muhanga,Rugendabari,Bulinga,-1.9977,29.6972,1,"All Africa",Regional,"90 infiltrators were killed in Bulinga Commune [central Rwanda] while trying to cross to Gisenyi Prefecture [northwestern Rwanda]. Said to have been a collaborative effort between RPA and residents of the area.",12,1552577675,RWA
5011517,646,RWA180,180,"23 April 1998",1998,1,Battles,"Armed clash","Military Forces of Rwanda (1994-)",,1,"Hutu Rebels",,2,12,"Eastern Africa",Rwanda,"Southern Province",Muhanga,Rugendabari,Bulinga,-1.9977,29.6972,1,"All Africa",Regional,"90 infiltrators were killed in Bulinga Commune [central Rwanda] while trying to cross to Gisenyi Prefecture [northwestern Rwanda]. Said to have been a collaborative effort between RPA and residents of the area.",12,1552577675,RWA
5011574,646,RWA177,177,"17 April 1998",1998,1,Battles,"Armed clash","Military Forces of Rwanda (1994-)",,1,"Hutu Rebels",,2,12,"Eastern Africa",Rwanda,"Western Province",Karongi,Bwishyura,Kibuye,-2.0555,29.3497,1,"All Africa",Regional,"RPA fought infiltrators who had an aim of attacking Rutsiro health centre in Kibuye Prefecture. (infiltrators have also been stealing cattle etc from the area.)",0,1552577675,RWA
7273602,646,RWA175,175,"17 April 1998",1998,1,Battles,"Armed clash","Military Forces of Rwanda (1994-)",,1,"Hutu Rebels",,2,12,"Eastern Africa",Rwanda,"Southern Province",Muhanga,Nyamabuye,Gitarama,-2.0744,29.7567,1,AFP,International,"Rwandan army troops fighting alongside civilians killed 70 Hutu rebels in a raid in the central Gitarama region. The fighting occurred Wednesday in the Bulinga area, the Rwandan Information Office said, adding that army troops operated 'jointly with the population.'",70,1604354629,RWA
7214570,646,RWA176,176,"17 April 1998",1998,1,Battles,"Armed clash","Military Forces of Rwanda (1994-)",,1,"Hutu Rebels",,2,12,"Eastern Africa",Rwanda,"Southern Province",Muhanga,Rugendabari,Bulinga,-1.9977,29.6972,1,Xinhua,International,"Rwandan army killed over 70 Hutu militiamen Wednesday in Buringa Commune, in the countries central Gitarama Prefecture.",70,1600121132,RWA
5011713,646,RWA170,170,"09 April 1998",1998,1,Battles,"Armed clash","Military Forces of Rwanda (1994-)",,1,"Hutu Rebels",,2,12,"Eastern Africa",Rwanda,"Northern Province",Burera,Rugarama,Nkumba,-1.4405,29.7094,1,"All Africa",Regional,"Mop-up operations in the Nkumba commune area result in the death of 3 militiamen and many others fleeing to Uganda.",3,1552577676,RWA
5011711,646,RWA169,169,"09 April 1998",1998,1,Battles,"Armed clash","Military Forces of Rwanda (1994-)",,1,"Hutu Rebels",,2,12,"Eastern Africa",Rwanda,"Northern Province",Musanze,Muhoza,Kigombe,-1.6291,29.6358,1,"All Africa",Regional,"After an attack by Hutu rebels, RPA repulses them killing at least 20 rebels.",20,1552577676,RWA
5011732,646,RWA166,166,"07 April 1998",1998,1,Battles,"Armed clash","Hutu Rebels",,2,"Military Forces of Rwanda (1994-)",,1,12,"Eastern Africa",Rwanda,"Northern Province",Burera,Cyeru,Cyeru,-1.488,29.813,1,"All Africa",Regional,"Maj John Birasa of the RPA was reportedly killed when Hutu militiamen ambushed his vehicle in Cyeru.",1,1552577676,RWA
5011785,646,RWA164,164,"01 April 1998",1998,1,Battles,"Armed clash","Military Forces of Rwanda (1994-)",,1,"Hutu Rebels",,2,12,"Eastern Africa",Rwanda,"Northern Province",Musanze,Remera,Ruhondo,-1.5291,29.7244,1,"All Africa",Regional,"RPA clash with Hutu rebels, many rebels killed but exact number of casualties unspecified.",0,1552577676,RWA
5011822,646,RWA163,163,"31 March 1998",1998,1,Battles,"Armed clash","Military Forces of Rwanda (1994-)",,1,"Interahamwe Militia",,3,13,"Eastern Africa",Rwanda,"Southern Province",Muhanga,Rongi,Nyabikenke,-1.8266,29.7738,1,"All Africa",Regional,"After Hutu rebels attack the area the RPA intervene with a mop- up mission. They killed over 300 militiamen.",300,1552577676,RWA
5011881,646,RWA158,158,"25 March 1998",1998,1,Battles,"Armed clash","Military Forces of Rwanda (1994-)",,1,"Interahamwe Militia",,3,13,"Eastern Africa",Rwanda,"Southern Province",Kamonyi,Kayumbu,Kirambo,-1.95,29.8167,1,"All Africa",Regional,"Mop up opperation by RPA results in death of 20 militiamen who had been causing problems in the area.",20,1552577676,RWA
5012093,646,RWA155,155,"13 March 1998",1998,1,Battles,"Armed clash","Military Forces of Rwanda (1994-)",,1,"Hutu Rebels",,2,12,"Eastern Africa",Rwanda,"Southern Province",Kamonyi,Kayenzi,Kayenzi,-1.9147,29.8386,1,"All Africa",Regional,"RPA killed 15 rebels in clashes with them in Kayenzi commune.",15,1552577676,RWA
5012105,646,RWA154,154,"12 March 1998",1998,1,Battles,"Armed clash","Military Forces of Rwanda (1994-)",,1,"Hutu Rebels",,2,12,"Eastern Africa",Rwanda,"Southern Province",Muhanga,Nyamabuye,Nyamabuye,-2.0761,29.7567,1,"All Africa",Regional,"120 rebels killed within the week by RPA after they had attacked Ndiza [Mountains] region, Gitarama Prefecture [central Rwanda). 8 RPA killed and 12 wounded.",18,1552577676,RWA
5012112,646,RWA152,152,"11 March 1998",1998,1,Battles,"Armed clash","Military Forces of Rwanda (1994-)",,1,"Hutu Rebels",,2,12,"Eastern Africa",Rwanda,"Southern Province",Muhanga,Nyamabuye,Nyamabuye,-2.0761,29.7567,1,"All Africa",Regional,"120 rebels killed within the week by RPA after they had attacked Ndiza [Mountains] region, Gitarama Prefecture [central Rwanda). 8 RPA killed and 12 wounded.",18,1552577676,RWA
5012120,646,RWA151,151,"10 March 1998",1998,1,Battles,"Armed clash","Military Forces of Rwanda (1994-)",,1,"Hutu Rebels",,2,12,"Eastern Africa",Rwanda,"Southern Province",Muhanga,Nyamabuye,Nyamabuye,-2.0761,29.7567,1,"All Africa",Regional,"120 rebels killed within the week by RPA after they had attacked Ndiza [Mountains] region, Gitarama Prefecture [central Rwanda). 8 RPA killed and 12 wounded.",19,1552577676,RWA
5012128,646,RWA150,150,"09 March 1998",1998,1,Battles,"Armed clash","Military Forces of Rwanda (1994-)",,1,"Hutu Rebels",,2,12,"Eastern Africa",Rwanda,"Southern Province",Muhanga,Nyamabuye,Nyamabuye,-2.0761,29.7567,1,"All Africa",Regional,"120 rebels killed within the week by RPA after they had attacked Ndiza [Mountains] region, Gitarama Prefecture [central Rwanda). 8 RPA killed and 12 wounded.",19,1552577676,RWA
5012132,646,RWA147,147,"08 March 1998",1998,1,Battles,"Armed clash","Military Forces of Rwanda (1994-)",,1,"Former Military Forces of Rwanda (1973-1994)",,1,11,"Eastern Africa",Rwanda,"Eastern Province",Rwamagana,Musha,"Colline Runyinya",-1.8833,30.3333,1,"All Africa",Regional,"RPA forces capture 32 bandits who are Ex-armed forces of Rwanda.",0,1552577676,RWA
5012134,646,RWA148,148,"08 March 1998",1998,1,Battles,"Armed clash","Military Forces of Rwanda (1994-)",,1,"Hutu Rebels",,2,12,"Eastern Africa",Rwanda,"Southern Province",Muhanga,Nyamabuye,Nyamabuye,-2.0761,29.7567,1,"All Africa",Regional,"120 rebels killed within the week by RPA after they had attacked Ndiza [Mountains] region, Gitarama Prefecture [central Rwanda). 8 RPA killed and 12 wounded.",19,1552577676,RWA
7274862,646,RWA146,146,"07 March 1998",1998,1,Battles,"Armed clash","Military Forces of Rwanda (1994-)",,1,"Interahamwe Militia",,3,13,"Eastern Africa",Rwanda,"Southern Province",Muhanga,Kiyumba,Ndiza,-1.8777,29.753,1,"All Africa",Regional,"Mop-up operations by the RPA were continuing in some communes to crush the last 'Interahamwe' [mainly Hutu] militiamen scattered in [the] forests, hills and swamps of [the] Ndiza region.",0,1604354636,RWA
5012145,646,RWA145,145,"07 March 1998",1998,1,Battles,"Armed clash","Military Forces of Rwanda (1994-)",,1,"Hutu Rebels",,2,12,"Eastern Africa",Rwanda,"Southern Province",Muhanga,Nyamabuye,Nyamabuye,-2.0761,29.7567,1,"All Africa",Regional,"120 rebels killed within the week by RPA after they had attacked Ndiza [Mountains] region, Gitarama Prefecture [central Rwanda). 8 RPA killed and 12 wounded.",18,1552577676,RWA
5012152,646,RWA144,144,"06 March 1998",1998,1,Battles,"Armed clash","Military Forces of Rwanda (1994-)",,1,"Hutu Rebels",,2,12,"Eastern Africa",Rwanda,"Southern Province",Muhanga,Nyamabuye,Nyamabuye,-2.0761,29.7567,1,"All Africa",Regional,"120 rebels killed within the week by RPA after they had attacked Ndiza [Mountains] region, Gitarama Prefecture [central Rwanda). 8 RPA killed and 12 wounded.",18,1552577676,RWA
5012169,646,RWA143,143,"05 March 1998",1998,1,Battles,"Armed clash","Military Forces of Rwanda (1994-)",,1,"Hutu Rebels",,2,12,"Eastern Africa",Rwanda,"Southern Province",Muhanga,Rugendabari,Bulinga,-1.9977,29.6972,1,"All Africa",Regional,"Fighting at Cyuvi and Shri Hills, on the border between Bulinga and Rutobwe Communes [all in central Rwanda]- between RPA and Hutu rebels.",22,1552577676,RWA
5012271,646,RWA141,141,"01 March 1998",1998,1,Battles,"Armed clash","Military Forces of Rwanda (1994-)",,1,"Hutu Rebels",,2,12,"Eastern Africa",Rwanda,"Southern Province",Muhanga,Kibangu,Nyakabanda,-1.8402,29.6869,1,"All Africa",Regional,"RPA killed at least 17 Hutu extremists when they tried to attack Nyakabanda prison, and Bulinga Commune in Gitarama. Hutus also tried to burn down a local seconday school and to loot an non-government organization dealing with water conveyance. An estima",17,1552577676,RWA
5012669,646,RWA137,137,"06 February 1998",1998,1,Battles,"Armed clash","Military Forces of Rwanda (1994-)",,1,"Hutu Rebels",,2,12,"Eastern Africa",Rwanda,"Northern Province",Musanze,Nyange,Kinigi,-1.4427,29.598,1,"All Africa",Regional,"RPA engaged with the Hutu militias in Kagano sector of Kinigi killing 6. RPA lost two men. The rebels retreated into the Virunga National Park forest.",8,1552577677,RWA
5012784,646,RWA134,134,"24 January 1998",1998,1,Battles,"Armed clash","Military Forces of Rwanda (1994-)",,1,"Interahamwe Militia",,3,13,"Eastern Africa",Rwanda,"Northern Province",Musanze,Nyange,Kinigi,-1.4427,29.598,1,"All Africa",Regional,"The Rwandan government army killed two Interahamwe militiamen in Kinigi Commune north of Ruhengeri town [northwestern Rwanda]. 8 civilians were also killed.",10,1552577677,RWA
7212624,646,RWA131,131,"13 January 1998",1998,1,Battles,"Armed clash","Military Forces of Rwanda (1994-)",,1,"Interahamwe Militia",,3,13,"Eastern Africa",Rwanda,"Northern Province",Musanze,Nyange,Kinigi,-1.4427,29.598,1,"Local Source",Subnational,"RPA killed 12 interhamwe Hutu militiamen and captured one.",12,1600121125,RWA
7212656,646,RWA132,132,"13 January 1998",1998,1,Battles,"Armed clash","Military Forces of Rwanda (1994-)",,1,"Interahamwe Militia",,3,13,"Eastern Africa",Rwanda,"Northern Province",Musanze,Busogo,Mukingo,-1.5369,29.5633,1,"Local Source",Subnational,"RPA killed 12 interhamwe Hutu rebels in Mukingo.",12,1600121126,RWA
6354167,646,RWA130,130,"10 January 1998",1998,1,Battles,"Armed clash","Military Forces of Rwanda (1994-)",,1,"Hutu Rebels",,2,12,"Eastern Africa",Rwanda,"Western Province",Rubavu,Nyamyumba,Nyamyumba,-1.7397,29.2933,1,"Local Source",Subnational,"RPA and rebels clash. 18 rebels killed and 4 RPA soldiers. Rebels had also released 64 prisoners.",22,1574110460,RWA
6354176,646,RWA125,125,"01 January 1998",1998,1,Battles,"Armed clash","Military Forces of Rwanda (1994-)",,1,"Hutu Rebels",,2,12,"Eastern Africa",Rwanda,"Western Province",Nyamasheke,Shangi,Gafunzo,-2.3927,29.0044,1,"Local Source",Subnational,"Security forces kill rebel officer, Maj Modeste Rwabukwisi, in Gafunzo. (rebel leader had been attempting to invade Rwanda earlier.)",1,1574110460,RWA
5920645,646,RWA123,123,"30 December 1997",1997,1,Protests,"Peaceful protest","Protesters (Rwanda)","Students (Rwanda)",6,,,0,60,"Eastern Africa",Rwanda,"Kigali City",Nyarugenge,Kigali,Kigali,-1.9638,30.0383,1,"All Africa",Regional,"Thousands of students protest European support for genocide.",0,1567465430,RWA
5740920,646,RWA113,113,"01 December 1997",1997,1,Battles,"Armed clash","Hutu Rebels",,2,"Police Forces of Rwanda (1994-) Prison Guards",,1,12,"Eastern Africa",Rwanda,"Western Province",Rubavu,Mudende,Mutura,-1.5988,29.3919,1,"Africa Research Bulletin",Other,"Hutu rebels attack jail at Mutura, freeing 402 prisoners.",0,1567462122,RWA
6354192,646,RWA111,111,"27 November 1997",1997,1,Protests,"Peaceful protest","Protesters (Rwanda)",,6,,,0,60,"Eastern Africa",Rwanda,"Southern Province",Muhanga,Nyamabuye,Gitarama,-2.0744,29.7567,1,"Local Source",Subnational,"Genocide survivors demonstrate peacefully against release of genocide suspects.",0,1574110460,RWA
5294681,646,RWA107,107,"21 November 1997",1997,1,Battles,"Armed clash","Hutu Rebels",,2,"Military Forces of Rwanda (1994-)",,1,12,"Eastern Africa",Rwanda,"Northern Province",Musanze,Muhoza,Kigombe,-1.6291,29.6358,1,Reuters,International,"More than 300 people were killed when a large gang of Hutu rebels attacked a jail in northwestern Rwanda in a bid to free hundreds of their colleagues.",100,1561469222,RWA
5294680,646,RWA106,106,"20 November 1997",1997,1,Battles,"Armed clash","Hutu Rebels",,2,"Military Forces of Rwanda (1994-)",,1,12,"Eastern Africa",Rwanda,"Northern Province",Musanze,Muhoza,Kigombe,-1.6291,29.6358,1,Reuters,International,"More than 300 people were killed when a large gang of Hutu rebels attacked a jail in northwestern Rwanda in a bid to free hundreds of their colleagues.",100,1561469222,RWA
6354195,646,RWA105,105,"19 November 1997",1997,1,Protests,"Peaceful protest","Protesters (Rwanda)",,6,,,0,60,"Eastern Africa",Rwanda,"Southern Province",Nyamagabe,Gasaka,Gikongoro,-2.4688,29.5675,1,"Local Source",Subnational,"2 day protests by genocide survivors over the release of genocide suspects. (led to the redetainment of come of the suspects).",0,1574110460,RWA
5294678,646,RWA104,104,"19 November 1997",1997,1,Battles,"Armed clash","Hutu Rebels",,2,"Military Forces of Rwanda (1994-)",,1,12,"Eastern Africa",Rwanda,"Northern Province",Musanze,Muhoza,Kigombe,-1.6291,29.6358,1,Reuters,International,"More than 300 people were killed when a large gang of Hutu rebels attacked a jail in northwestern Rwanda in a bid to free hundreds of their colleagues.",100,1561469222,RWA
6354197,646,RWA101,101,"18 November 1997",1997,1,Protests,"Peaceful protest","Protesters (Rwanda)",,6,,,0,60,"Eastern Africa",Rwanda,"Southern Province",Nyamagabe,Gasaka,Gikongoro,-2.4688,29.5675,1,"Local Source",Subnational,"2 day protests by genocide survivors over the release of genocide suspects. (led to the redetainment of come of the suspects).",0,1574110460,RWA
6354199,646,RWA100,100,"17 November 1997",1997,1,Battles,"Armed clash","Interahamwe Militia",,3,"Military Forces of Rwanda (1994-)",,1,13,"Eastern Africa",Rwanda,"Western Province",Nyabihu,Jomba,Giciye,-1.702,29.559,1,"Local Source",Subnational,"Armed militia attack the detention center of Giveye commune. They engaged with the Rwandese armed forces. 80 prisoners were killed in the crossfire, while 90 managed to escape.",80,1574110460,RWA
5741199,646,RWA99,99,"17 November 1997",1997,1,Battles,"Armed clash","Hutu Rebels",,2,"Military Forces of Rwanda (1994-)",,1,12,"Eastern Africa",Rwanda,"Western Province",Nyabihu,Jomba,Giciye,-1.702,29.559,1,"Africa Research Bulletin",Other,"200-300 people (estimated) killed in an attack on a prison and the military operation that followed. 1,000 Hutu rebels attacked Giciye prison. 88 prisoners and 100 rebels killed.",100,1567462123,RWA
6354201,646,RWA94,94,"07 November 1997",1997,1,Protests,"Peaceful protest","Protesters (Rwanda)",,6,,,0,60,"Eastern Africa",Rwanda,"Southern Province",Nyamagabe,Kaduha,Karambo,-2.3363,29.5333,1,"Local Source",Subnational,"Demonstrators gather in protest of the release of seven people from prison. The residents claim that the released people killed their people and committed crimes of genocide",0,1574110460,RWA
5740997,646,RWA85,85,"10 October 1997",1997,1,Battles,"Armed clash","Unidentified Armed Group (Rwanda)",,3,"Unidentified Armed Group (Rwanda)",,3,33,"Eastern Africa",Rwanda,"Western Province",Rubavu,Gisenyi,Gisenyi,-1.7008,29.2633,2,"Africa Research Bulletin",Other,"Mid-october- machine gunfire and mortars in Gisenyi near the airport.",0,1567462122,RWA
7212643,646,RWA77,77,"30 August 1997",1997,1,Battles,"Armed clash","Military Forces of Rwanda (1994-)",,1,"Unidentified Armed Group (Rwanda)",,3,13,"Eastern Africa",Rwanda,"Northern Province",Gicumbi,Byumba,Byumba,-1.5761,30.0675,1,"Local Source",Subnational,"15 armed infiltrators killed by Rwandan armed forces in Byumba. The incident occurred when security forces and the population of Kibali, Cyungo and Cyumba communes tried to dislodge armed infiltrators.",15,1600121126,RWA
6269564,646,RWA68,68,"08 August 1997",1997,1,Battles,"Armed clash","Military Forces of Rwanda (1994-)",,1,"Hutu Rebels",,2,12,"Eastern Africa",Rwanda,"Western Province",Rubavu,Rugerero,Mahoko,-1.7,29.3333,1,HRW,Other,"RPA soldiers and insurgents exchanged fire in the crowded market of Mahoko. Reportedly, some 400 unarmed civilians were killed in the cross-fire although the RPA disputed the number.",400,1572403721,RWA
6354250,646,RWA66,66,"04 August 1997",1997,1,Battles,"Armed clash","Military Forces of Rwanda (1994-)",,1,"Hutu Rebels",,2,12,"Eastern Africa",Rwanda,"Northern Province",Rulindo,Bushoki,Tare,-1.7116,29.9127,1,"Local Source",Subnational,"Security forces killed 4 infiltrators, including a notorious criminal, the leader of the gang, Rukunjira [phonetic], alias Shomeri [phonetic].",4,1574110460,RWA
6354252,646,RWA65,65,"23 July 1997",1997,1,Battles,"Armed clash","Military Forces of Rwanda (1994-)",,1,"Former Military Forces of Rwanda (1973-1994)",,1,11,"Eastern Africa",Rwanda,"Northern Province",Gakenke,Cyabingo,Cyabingo,-1.5786,29.6888,1,"Local Source",Subnational,"Army clashes with 30 ex-FAR soldiers after they were spotted by local population in Kagenda and Kavumu localities of Cyabingo. 10 ex-FAR were killed.",10,1574110460,RWA
6354255,646,RWA64,64,"14 July 1997",1997,1,Battles,"Armed clash","Military Forces of Rwanda (1994-)",,1,"Interahamwe Militia",,3,13,"Eastern Africa",Rwanda,"Northern Province",Musanze,Muhoza,Kigombe,-1.6291,29.6358,1,"Local Source",Subnational,"The Rwandan army flushed out and routed Interahamwe [Hutu extremist] militiamen who had tried to establish a base in the sectors of Gacaca, Cyove [and] Gisanze in Kigombe commune, and Kigarama in neighbouring Ruhondo. The army killed 100 Interhamwe milit",25,1574110460,RWA
6354256,646,RWA63,63,"13 July 1997",1997,1,Battles,"Armed clash","Military Forces of Rwanda (1994-)",,1,"Interahamwe Militia",,3,13,"Eastern Africa",Rwanda,"Northern Province",Musanze,Muhoza,Kigombe,-1.6291,29.6358,1,"Local Source",Subnational,"The Rwandan army flushed out and routed Interahamwe [Hutu extremist] militiamen who had tried to establish a base in the sectors of Gacaca, Cyove [and] Gisanze in Kigombe commune, and Kigarama in neighbouring Ruhondo. The army killed 100 Interhamwe milit",25,1574110460,RWA
6354258,646,RWA62,62,"12 July 1997",1997,1,Battles,"Armed clash","Military Forces of Rwanda (1994-)",,1,"Interahamwe Militia",,3,13,"Eastern Africa",Rwanda,"Northern Province",Musanze,Muhoza,Kigombe,-1.6291,29.6358,1,"Local Source",Subnational,"The Rwandan army flushed out and routed Interahamwe [Hutu extremist] militiamen who had tried to establish a base in the sectors of Gacaca, Cyove [and] Gisanze in Kigombe commune, and Kigarama in neighbouring Ruhondo. The army killed 100 Interhamwe milit",25,1574110460,RWA
6354260,646,RWA61,61,"11 July 1997",1997,1,Battles,"Armed clash","Military Forces of Rwanda (1994-)",,1,"Interahamwe Militia",,3,13,"Eastern Africa",Rwanda,"Northern Province",Musanze,Muhoza,Kigombe,-1.6291,29.6358,1,"Local Source",Subnational,"The Rwandan army flushed out and routed Interahamwe [Hutu extremist] militiamen who had tried to establish a base in the sectors of Gacaca, Cyove [and] Gisanze in Kigombe commune, and Kigarama in neighbouring Ruhondo. The army killed 100 Interhamwe milit",25,1574110460,RWA
6354270,646,RWA55,55,"25 June 1997",1997,1,Battles,"Armed clash","Former Military Forces of Rwanda (1973-1994)",,1,"Military Forces of Rwanda (1994-)",,1,11,"Eastern Africa",Rwanda,"Northern Province",Burera,Rugarama,Nkumba,-1.4405,29.7094,1,"Local Source",Subnational,"100 Interhamwe militia and ex-FAR soldiers kill 5 and wound 10. They were then repulsed by the army.",5,1574110460,RWA
6354272,646,RWA53,53,"13 June 1997",1997,1,Battles,"Armed clash","Military Forces of Rwanda (1994-)",,1,"Former Military Forces of Rwanda (1973-1994)",,1,11,"Eastern Africa",Rwanda,"Northern Province",Gakenke,Cyabingo,Cyabingo,-1.5786,29.6888,1,"Local Source",Subnational,"Former senior army officer, Maj Bahemba killed in clashes between Rwandan Patriotic Army, (RPA), and a former Rwandan army (ex-FAR) forces. (50 other ex- FAR killed in clash as well.)",51,1574110460,RWA
5740648,646,RWA45,45,"18 May 1997",1997,1,Battles,"Armed clash","Former Military Forces of Rwanda (1973-1994)",,1,"Military Forces of Rwanda (1994-)",,1,11,"Eastern Africa",Rwanda,"Eastern Province",Nyagatare,Nyagatare,Nyakatale,-1.3038,30.3427,1,"Africa Research Bulletin",Other,"Ex-FAR and Interhamwe militia kill 3 soldiers near Katale.",3,1567462122,RWA
6354310,646,RWA38,38,"03 April 1997",1997,1,Battles,"Armed clash","Military Forces of Rwanda (1994-)",,1,"Unidentified Armed Group (Rwanda)",,3,13,"Eastern Africa",Rwanda,"Northern Province",Burera,Cyanika,Kidaho,-1.37,29.7425,1,"Local Source",Subnational,"4 unidentified armed men killed in clashes with security forces.",4,1574110460,RWA
6354311,646,RWA36,36,"01 April 1997",1997,1,Battles,"Armed clash","Military Forces of Rwanda (1994-)",,1,"Unidentified Armed Group (Rwanda)",,3,13,"Eastern Africa",Rwanda,"Northern Province",Musanze,Nkotsi,Nyakinama,-1.5727,29.6416,1,"Local Source",Subnational,"Security forces and unidentified armed men clash in Nyakinama in Ruhengeri.",3,1574110460,RWA
5741193,646,RWA34,34,"24 March 1997",1997,1,Battles,"Armed clash","Military Forces of Rwanda (1994-)",,1,"Former Military Forces of Rwanda (1973-1994)",,1,11,"Eastern Africa",Rwanda,"Southern Province",Kamonyi,Runda,Runda,-1.9705,29.9544,1,"Africa Research Bulletin",Other,"5 people killed in clashes between Rwandan security forces and Hutu militias in Runda village in Gitaerama District. Reports state that the rebels were a combination of ex-Armed forces of Rwanda and Interhamwe Hutu Militias",5,1567462122,RWA
6354318,646,RWA32,32,"14 March 1997",1997,1,Battles,"Armed clash","Military Forces of Rwanda (1994-)",,1,"Unidentified Armed Group (Rwanda)",,3,13,"Eastern Africa",Rwanda,"Southern Province",Muhanga,Rugendabari,Bulinga,-1.9977,29.6972,1,"Local Source",Subnational,"Two unidentified armed men killed in fire exchange with security forces in Gusave.",2,1574110460,RWA
7212542,646,RWA24,24,"14 February 1997",1997,1,Battles,"Armed clash","Military Forces of Rwanda (1994-)",,1,"Hutu Rebels",,2,12,"Eastern Africa",Rwanda,"Southern Province",Muhanga,Nyamabuye,Nyamabuye,-2.0761,29.7567,1,"Local Source",Subnational,"Rwandan security forces kill 6 Hutu infiltrators trying to escape where they were held in Runda Commune.",6,1600121125,RWA
6354351,646,RWA5,5,"05 January 1997",1997,1,Battles,"Armed clash","Military Forces of Rwanda (1994-)",,1,"Unidentified Armed Group (Rwanda)",,3,13,"Eastern Africa",Rwanda,"Northern Province",Burera,Kinoni,"Colline Kinoni",-1.435,29.7267,1,"Local Source",Subnational,"Government soldiers clashed with unidentified armed men. Armed men then hid for 10 days intending to free prisoners from the communal prison of Nkumba [phonetic] and force leaders to give them identity cards.",9,1574110460,RWA
6354353,646,RWA4,4,"04 January 1997",1997,1,Battles,"Armed clash","Military Forces of Rwanda (1994-)",,1,"Unidentified Armed Group (Rwanda)",,3,13,"Eastern Africa",Rwanda,"Northern Province",Burera,Kinoni,"Colline Kinoni",-1.435,29.7267,1,"Local Source",Subnational,"Government soldiers clashed with unidentified armed men. Armed men then hid for 10 days intending to free prisoners from the communal prison of Nkumba [phonetic] and force leaders to give them identity cards.",9,1574110460,RWA
6354355,646,RWA3,3,"01 January 1997",1997,1,Battles,"Armed clash","Military Forces of Rwanda (1994-)",,1,"Hutu Rebels",,2,12,"Eastern Africa",Rwanda,"Western Province",Nyamasheke,Shangi,Gafunzo,-2.3927,29.0044,1,"Local Source",Subnational,"Security forces kill a rebel officer who had been disrupting security in the region of Cyangugu.",1,1574110460,RWA
