year,admin1,fatalities
#date+year,#adm1+name,#affected+killed
2020,Tigray,0
2020,Oromia,0
2020,Tigray,0
2020,Tigray,0
2020,Benshangul-Gumaz,2
2020,Benshangul-Gumaz,3
2020,Benshangul-Gumaz,2
2020,Benshangul-Gumaz,3
2020,Oromia,0
2020,Addis Ababa,0
2020,Oromia,1
2020,Amhara,0
2020,Tigray,0
2020,Tigray,0
2020,Tigray,0
2020,Tigray,0
2020,Oromia,1
2020,Amhara,0
2020,Oromia,0
2020,Southern Nations,3
2020,Tigray,0
2020,Tigray,0
2020,Tigray,0
2020,Tigray,2
2020,Tigray,0
2020,Tigray,0
2020,Benshangul-Gumaz,0
2020,Benshangul-Gumaz,20
2020,Tigray,10
2020,Benshangul-Gumaz,34
2020,Amhara,0
2020,Amhara,0
2020,Tigray,10
2020,Tigray,0
2020,Tigray,125
2020,Tigray,0
2020,Oromia,14
2020,Tigray,125
2020,Tigray,600
2020,Tigray,0
2020,Tigray,0
2020,Tigray,125
2020,Benshangul-Gumaz,16
2020,Tigray,125
2020,Amhara,5
2020,Oromia,24
2020,Oromia,5
2020,Tigray,0
2020,Amhara,6
2020,Amhara,0
2020,Amhara,0
2020,Oromia,1
2020,Tigray,0
2020,Oromia,4
2020,Oromia,32
2020,Amhara,0
2020,Somali,27
2020,Oromia,1
2020,Oromia,1
2020,Oromia,1
2020,Oromia,1
2020,Oromia,0
2020,Oromia,1
2020,Oromia,4
2020,Oromia,1
2020,Southern Nations,15
2020,Oromia,2
2020,Southern Nations,16
2020,Oromia,1
2020,Benshangul-Gumaz,12
2020,Oromia,1
2020,Oromia,1
2020,Benshangul-Gumaz,14
2020,Oromia,0
2020,Oromia,1
2020,Benshangul-Gumaz,14
2020,Benshangul-Gumaz,0
2020,Benshangul-Gumaz,15
2020,Oromia,0
2020,Oromia,1
2020,Afar,3
2020,Oromia,1
2020,Amhara,1
2020,Oromia,2
2020,Southern Nations,2
2020,Oromia,2
2020,Somali,1
2020,Benshangul-Gumaz,4
2020,Benshangul-Gumaz,0
2020,Benshangul-Gumaz,2
2020,Benshangul-Gumaz,14
2020,Somali,5
2020,Oromia,1
2020,Oromia,0
2020,Oromia,1
2020,Oromia,1
2020,Oromia,2
2020,Dire Dawa,1
2020,Oromia,2
2020,Oromia,1
2020,Oromia,0
2020,Oromia,2
2020,Oromia,8
2020,Oromia,2
2020,Dire Dawa,2
2020,Harari People,2
2020,Oromia,0
2020,Benshangul-Gumaz,0
2020,Oromia,0
2020,Oromia,0
2020,Oromia,0
2020,Oromia,0
2020,Oromia,0
2020,Somali,0
2020,Oromia,1
2020,Oromia,0
2020,Oromia,2
2020,Oromia,1
2020,Southern Nations,3
2020,Southern Nations,1
2020,Somali,1
2020,Southern Nations,0
2020,Southern Nations,2
2020,Southern Nations,1
2020,Southern Nations,0
2020,Oromia,0
2020,Southern Nations,1
2020,Southern Nations,2
2020,Oromia,4
2020,Oromia,4
2020,Oromia,1
2020,Benshangul-Gumaz,20
2020,Southern Nations,6
2020,Southern Nations,1
2020,Southern Nations,4
2020,Tigray,0
2020,Benshangul-Gumaz,2
2020,Benshangul-Gumaz,13
2020,Oromia,1
2020,Benshangul-Gumaz,0
2020,Benshangul-Gumaz,0
2020,Benshangul-Gumaz,14
2020,Oromia,6
2020,Southern Nations,11
2020,Somali,3
2020,Oromia,1
2020,Oromia,0
2020,Addis Ababa,0
2020,Oromia,2
2020,Oromia,4
2020,Oromia,0
2020,Addis Ababa,0
2020,Oromia,89
2020,Benshangul-Gumaz,0
2020,Dire Dawa,2
2020,Oromia,0
2020,Oromia,7
2020,Oromia,3
2020,Oromia,3
2020,Oromia,3
2020,Oromia,15
2020,Oromia,3
2020,Oromia,3
2020,Oromia,1
2020,Addis Ababa,10
2020,Oromia,9
2020,Oromia,1
2020,Oromia,0
2020,Oromia,6
2020,Harari People,1
2020,Oromia,2
2020,Oromia,1
2020,Addis Ababa,0
2020,Addis Ababa,0
2020,Oromia,0
2020,Oromia,0
2020,Addis Ababa,1
2020,Oromia,9
2020,Oromia,4
2020,Oromia,0
2020,Addis Ababa,1
2020,Amhara,0
2020,Oromia,1
2020,Amhara,0
2020,Oromia,3
2020,Oromia,3
2020,Oromia,4
2020,Oromia,0
2020,Oromia,0
2020,Somali,0
2020,Somali,0
2020,Oromia,0
2020,Oromia,1
2020,Oromia,0
2020,Oromia,1
2020,Gambela Peoples,0
2020,Benshangul-Gumaz,3
2020,Oromia,2
2020,Oromia,2
2020,Oromia,1
2020,Oromia,1
2020,Tigray,0
2020,Tigray,0
2020,Amhara,2
2020,Oromia,4
2020,Tigray,0
2020,Tigray,0
2020,Oromia,1
2020,Addis Ababa,0
2020,Oromia,2
2020,Oromia,1
2020,Oromia,1
2020,Oromia,1
2020,Amhara,3
2020,Amhara,8
2020,Oromia,12
2020,Amhara,0
2020,Somali,2
2020,Oromia,1
2020,Oromia,1
2020,Oromia,1
2020,Somali,1
2020,Amhara,0
2020,Oromia,1
2020,Somali,11
2020,Oromia,1
2020,Somali,1
2020,Somali,5
2020,Oromia,12
2020,Amhara,1
2020,Oromia,1
2020,Addis Ababa,0
2020,Addis Ababa,1
2020,Amhara,5
2020,Somali,0
2020,Oromia,0
2020,Southern Nations,1
2020,Somali,0
2020,Oromia,3
2020,Somali,0
2020,Amhara,3
2020,Somali,0
2020,Oromia,2
2020,Oromia,0
2020,Oromia,0
2020,Tigray,1
2020,Somali,1
2020,Southern Nations,0
2020,Oromia,1
2020,Addis Ababa,0
2020,Addis Ababa,0
2020,Somali,0
2020,Oromia,0
2020,Somali,1
2020,Amhara,3
2020,Somali,0
2020,Amhara,0
2020,Oromia,10
2020,Amhara,0
2020,Amhara,3
2020,Oromia,1
2020,Amhara,0
2020,Amhara,2
2020,Somali,0
2020,Amhara,4
2020,Somali,1
2020,Somali,0
2020,Oromia,12
2020,Oromia,0
2020,Southern Nations,6
2020,Afar,0
2020,Oromia,0
2020,Somali,1
2020,Oromia,0
2020,Oromia,1
2020,Southern Nations,0
2020,Oromia,0
2020,Oromia,0
2020,Oromia,0
2020,Somali,1
2020,Southern Nations,0
2020,Oromia,1
2020,Gambela Peoples,12
2020,Oromia,0
2020,Somali,0
2020,Somali,0
2020,Oromia,0
2020,Somali,1
2020,Addis Ababa,2
2020,Addis Ababa,0
2020,Somali,2
2020,Southern Nations,8
2020,Amhara,0
2020,Amhara,0
2020,Amhara,0
2020,Amhara,0
2020,Amhara,0
2020,Oromia,1
2020,Amhara,0
2020,Amhara,0
2020,Oromia,0
2020,Amhara,0
2020,Amhara,0
2020,Oromia,1
2020,Oromia,2
2020,Oromia,1
2020,Harari People,0
2020,Harari People,0
2020,Oromia,3
2020,Oromia,0
2020,Harari People,0
2020,Oromia,1
2020,Amhara,0
2020,Amhara,0
2020,Amhara,0
2020,Amhara,0
2020,Oromia,0
2020,Oromia,0
2020,Somali,0
2020,Afar,1
2020,Amhara,0
2020,Southern Nations,2
2020,Somali,0
2020,Oromia,0
2020,Benshangul-Gumaz,8
2020,Somali,0
2020,Somali,1
2020,Oromia,4
2020,Amhara,1
2020,Harari People,0
2020,Oromia,0
2020,Dire Dawa,1
2020,Tigray,0
2020,Tigray,0
2020,Addis Ababa,0
2020,Tigray,0
2020,Southern Nations,0
2020,Tigray,0
2020,Oromia,5
2020,Oromia,1
2020,Southern Nations,1
2020,Southern Nations,2
2020,Amhara,1
2020,Amhara,0
2020,Amhara,0
2020,Benshangul-Gumaz,0
2020,Dire Dawa,1
2020,Amhara,1
2020,Oromia,4
2020,Benshangul-Gumaz,1
2019,Dire Dawa,0
2019,Southern Nations,0
2019,Oromia,0
2019,Oromia,0
2019,Addis Ababa,0
2019,Amhara,0
2019,Amhara,0
2019,Southern Nations,4
2019,Somali,0
2019,Oromia,0
2019,Oromia,0
2019,Addis Ababa,0
2019,Southern Nations,0
2019,Southern Nations,0
2019,Southern Nations,0
2019,Southern Nations,0
2019,Amhara,0
2019,Southern Nations,0
2019,Southern Nations,0
2019,Oromia,1
2019,Southern Nations,0
2019,Oromia,0
2019,Amhara,1
2019,Oromia,1
2019,Oromia,2
2019,Benshangul-Gumaz,4
2019,Oromia,1
2019,Oromia,0
2019,Oromia,3
2019,Oromia,2
2019,Amhara,1
2019,Oromia,1
2019,Addis Ababa,1
2019,Addis Ababa,0
2019,Amhara,0
2019,Addis Ababa,0
2019,Oromia,1
2019,Afar,2
2019,Oromia,0
2019,Oromia,0
2019,Dire Dawa,0
2019,Dire Dawa,0
2019,Amhara,0
2019,Amhara,0
2019,Oromia,0
2019,Dire Dawa,0
2019,Oromia,0
2019,Oromia,0
2019,Oromia,0
2019,Oromia,0
2019,Oromia,0
2019,Amhara,0
2019,Oromia,0
2019,Oromia,0
2019,Oromia,0
2019,Oromia,0
2019,Oromia,0
2019,Oromia,0
2019,Oromia,0
2019,Dire Dawa,0
2019,Oromia,1
2019,Oromia,1
2019,Dire Dawa,0
2019,Dire Dawa,0
2019,Tigray,0
2019,Amhara,2
2019,Addis Ababa,0
2019,Oromia,0
2019,Oromia,1
2019,Oromia,0
2019,Oromia,5
2019,Oromia,0
2019,Oromia,1
2019,Oromia,0
2019,Oromia,0
2019,Oromia,7
2019,Oromia,6
2019,Oromia,5
2019,Oromia,6
2019,Oromia,4
2019,Dire Dawa,4
2019,Oromia,7
2019,Oromia,3
2019,Oromia,4
2019,Oromia,5
2019,Oromia,6
2019,Oromia,10
2019,Dire Dawa,2
2019,Oromia,3
2019,Addis Ababa,0
2019,Harari People,2
2019,Oromia,0
2019,Oromia,0
2019,Oromia,2
2019,Oromia,0
2019,Oromia,0
2019,Oromia,0
2019,Oromia,0
2019,Harari People,1
2019,Addis Ababa,0
2019,Dire Dawa,1
2019,Oromia,2
2019,Oromia,1
2019,Oromia,1
2019,Oromia,0
2019,Oromia,0
2019,Tigray,0
2019,Benshangul-Gumaz,1
2019,Afar,17
2019,Southern Nations,20
2019,Afar,0
2019,Afar,0
2019,Afar,0
2019,Afar,0
2019,Afar,0
2019,Southern Nations,10
2019,Amhara,0
2019,Oromia,0
2019,Oromia,0
2019,Benshangul-Gumaz,0
2019,Oromia,0
2019,Oromia,0
2019,Oromia,0
2019,Addis Ababa,0
2019,Somali,1
2019,Somali,0
2019,Tigray,0
2019,Addis Ababa,0
2019,Amhara,1
2019,Dire Dawa,0
2019,Dire Dawa,0
2019,Amhara,0
2019,Amhara,4
2019,Dire Dawa,0
2019,Dire Dawa,0
2019,Oromia,8
2019,Southern Nations,10
2019,Amhara,0
2019,Oromia,0
2019,Amhara,3
2019,Afar,0
2019,Oromia,5
2019,Southern Nations,10
2019,Dire Dawa,5
2019,Oromia,1
2019,Southern Nations,10
2019,Oromia,1
2019,Amhara,0
2019,Amhara,0
2019,Amhara,0
2019,Amhara,0
2019,Amhara,0
2019,Amhara,0
2019,Amhara,0
2019,Amhara,0
2019,Amhara,0
2019,Oromia,2
2019,Oromia,9
2019,Gambela Peoples,2
2019,Somali,0
2019,Somali,1
2019,Addis Ababa,0
2019,Oromia,1
2019,Amhara,0
2019,Amhara,4
2019,Oromia,3
2019,Southern Nations,1
2019,Addis Ababa,0
2019,Oromia,7
2019,Gambela Peoples,0
2019,Gambela Peoples,8
2019,Addis Ababa,2
2019,Southern Nations,0
2019,Southern Nations,0
2019,Southern Nations,3
2019,Southern Nations,14
2019,Southern Nations,12
2019,Southern Nations,25
2019,Gambela Peoples,1
2019,Benshangul-Gumaz,12
2019,Oromia,0
2019,Oromia,0
2019,Amhara,0
2019,Oromia,0
2019,Oromia,0
2019,Amhara,1
2019,Benshangul-Gumaz,57
2019,Addis Ababa,2
2019,Amhara,2
2019,Oromia,0
2019,Amhara,0
2019,Addis Ababa,0
2019,Oromia,1
2019,Oromia,0
2019,Oromia,0
2019,Oromia,0
2019,Oromia,0
2019,Benshangul-Gumaz,2
2019,Benshangul-Gumaz,5
2019,Amhara,0
2019,Amhara,0
2019,Oromia,6
2019,Amhara,0
2019,Oromia,7
2019,Addis Ababa,0
2019,Tigray,0
2019,Oromia,0
2019,Somali,0
2019,Addis Ababa,0
2019,Southern Nations,0
2019,Afar,0
2019,Oromia,1
2019,Amhara,0
2019,Amhara,0
2019,Amhara,36
2019,Amhara,0
2019,Somali,6
2019,Somali,5
2019,Amhara,36
2019,Oromia,1
2019,Afar,1
2019,Amhara,12
2019,Benshangul-Gumaz,18
2019,Amhara,0
2019,Gambela Peoples,6
2019,Southern Nations,0
2019,Addis Ababa,0
2019,Amhara,0
2019,Afar,0
2019,Gambela Peoples,0
2019,Oromia,0
2019,Oromia,1
2019,Amhara,0
2019,Oromia,0
2019,Oromia,0
2019,Dire Dawa,0
2019,Addis Ababa,0
2019,Oromia,0
2019,Oromia,0
2019,Southern Nations,0
2019,Oromia,2
2019,Afar,0
2019,Amhara,6
2019,Southern Nations,0
2019,Afar,1
2019,Oromia,0
2019,Amhara,1
2019,Southern Nations,4
2019,Oromia,2
2019,Oromia,5
2019,Southern Nations,0
2019,Amhara,0
2019,Addis Ababa,0
2019,Amhara,5
2019,Southern Nations,0
2019,Southern Nations,0
2019,Oromia,0
2019,Oromia,0
2019,Harari People,0
2019,Oromia,0
2019,Oromia,0
2019,Oromia,0
2019,Oromia,0
2019,Oromia,0
2019,Oromia,0
2019,Somali,1
2019,Oromia,0
2019,Tigray,2
2019,Southern Nations,0
2019,Southern Nations,0
2019,Addis Ababa,0
2019,Oromia,7
2019,Southern Nations,2
2019,Amhara,0
2019,Oromia,5
2019,Amhara,0
2019,Amhara,0
2019,Amhara,0
2019,Southern Nations,0
2019,Somali,0
2019,Amhara,2
2019,Amhara,0
2019,Amhara,1
2019,Southern Nations,0
2019,Oromia,0
2019,Southern Nations,5
2019,Southern Nations,0
2019,Southern Nations,0
2019,Southern Nations,2
2019,Oromia,0
2019,Dire Dawa,0
2019,Southern Nations,0
2019,Dire Dawa,1
2019,Dire Dawa,0
2019,Dire Dawa,0
2019,Somali,4
2019,Benshangul-Gumaz,0
2019,Somali,0
2019,Afar,0
2019,Southern Nations,37
2019,Amhara,2
2019,Amhara,0
2019,Gambela Peoples,2
2019,Amhara,0
2019,Gambela Peoples,2
2019,Tigray,0
2019,Gambela Peoples,2
2019,Afar,0
2019,Amhara,8
2019,Tigray,0
2019,Amhara,8
2019,Somali,0
2019,Addis Ababa,0
2019,Tigray,0
2019,Amhara,0
2019,Amhara,5
2019,Oromia,4
2018,Amhara,0
2018,Southern Nations,10
2018,Southern Nations,4
2018,Oromia,5
2018,Oromia,2
2018,Addis Ababa,0
2018,Amhara,3
2018,Somali,22
2018,Southern Nations,5
2018,Afar,9
2018,Amhara,0
2018,Oromia,1
2018,Oromia,1
2018,Oromia,1
2018,Afar,9
2018,Afar,6
2018,Oromia,3
2018,Afar,6
2018,Oromia,1
2018,Addis Ababa,0
2018,Afar,8
2018,Oromia,4
2018,Southern Nations,1
2018,Amhara,7
2018,Oromia,3
2018,Oromia,4
2018,Oromia,5
2018,Amhara,0
2018,Oromia,0
2018,Benshangul-Gumaz,8
2018,Benshangul-Gumaz,0
2018,Oromia,5
2018,Southern Nations,0
2018,Oromia,12
2018,Oromia,11
2018,Oromia,1
2018,Oromia,3
2018,Oromia,15
2018,Oromia,0
2018,Oromia,0
2018,Oromia,0
2018,Amhara,1
2018,Oromia,0
2018,Oromia,13
2018,Oromia,0
2018,Southern Nations,0
2018,Oromia,4
2018,Oromia,1
2018,Oromia,1
2018,Southern Nations,0
2018,Tigray,0
2018,Oromia,3
2018,Oromia,0
2018,Oromia,1
2018,Oromia,2
2018,Oromia,0
2018,Oromia,0
2018,Oromia,0
2018,Oromia,0
2018,Oromia,0
2018,Oromia,0
2018,Oromia,0
2018,Oromia,0
2018,Oromia,0
2018,Oromia,0
2018,Oromia,0
2018,Oromia,0
2018,Amhara,2
2018,Amhara,1
2018,Amhara,0
2018,Oromia,0
2018,Oromia,0
2018,Benshangul-Gumaz,0
2018,Oromia,0
2018,Oromia,0
2018,Oromia,0
2018,Oromia,0
2018,Addis Ababa,0
2018,Oromia,0
2018,Oromia,0
2018,Oromia,0
2018,Oromia,0
2018,Oromia,0
2018,Oromia,0
2018,Addis Ababa,0
2018,Oromia,0
2018,Oromia,17
2018,Benshangul-Gumaz,5
2018,Oromia,3
2018,Oromia,0
2018,Tigray,0
2018,Tigray,0
2018,Tigray,0
2018,Oromia,0
2018,Oromia,0
2018,Dire Dawa,0
2018,Benshangul-Gumaz,3
2018,Addis Ababa,0
2018,Amhara,0
2018,Addis Ababa,0
2018,Oromia,3
2018,Tigray,0
2018,Somali,0
2018,Addis Ababa,0
2018,Dire Dawa,1
2018,Oromia,2
2018,Amhara,0
2018,Oromia,0
2018,Oromia,12
2018,Addis Ababa,0
2018,Oromia,0
2018,Afar,0
2018,Addis Ababa,0
2018,Afar,0
2018,Addis Ababa,0
2018,Oromia,4
2018,Amhara,0
2018,Oromia,0
2018,Oromia,0
2018,Amhara,0
2018,Amhara,0
2018,Afar,0
2018,Amhara,4
2018,Oromia,0
2018,Oromia,0
2018,Amhara,3
2018,Oromia,3
2018,Oromia,0
2018,Oromia,2
2018,Dire Dawa,0
2018,Amhara,0
2018,Amhara,0
2018,Somali,3
2018,Gambela Peoples,3
2018,Amhara,0
2018,Oromia,0
2018,Oromia,1
2018,Amhara,0
2018,Oromia,0
2018,Oromia,0
2018,Amhara,0
2018,Afar,0
2018,Afar,0
2018,Afar,0
2018,Afar,0
2018,Amhara,0
2018,Amhara,0
2018,Amhara,0
2018,Amhara,0
2018,Amhara,0
2018,Amhara,0
2018,Amhara,0
2018,Oromia,0
2018,Oromia,0
2018,Oromia,0
2018,Oromia,0
2018,Oromia,0
2018,Afar,0
2018,Southern Nations,4
2018,Amhara,0
2018,Amhara,0
2018,Tigray,0
2018,Tigray,0
2018,Tigray,0
2018,Somali,0
2018,Oromia,0
2018,Addis Ababa,0
2018,Tigray,6
2018,Benshangul-Gumaz,3
2018,Benshangul-Gumaz,6
2018,Amhara,0
2018,Oromia,2
2018,Oromia,0
2018,Harari People,5
2018,Benshangul-Gumaz,1
2018,Southern Nations,3
2018,Afar,0
2018,Afar,0
2018,Benshangul-Gumaz,0
2018,Tigray,0
2018,Oromia,0
2018,Tigray,2
2018,Oromia,0
2018,Tigray,2
2018,Oromia,0
2018,Amhara,0
2018,Oromia,1
2018,Oromia,0
2018,Southern Nations,6
2018,Oromia,0
2018,Tigray,0
2018,Southern Nations,0
2018,Oromia,10
2018,Oromia,5
2018,Oromia,1
2018,Gambela Peoples,0
2018,Gambela Peoples,0
2018,Tigray,0
2018,Addis Ababa,0
2018,Amhara,0
2018,Oromia,1
2018,Oromia,4
2018,Addis Ababa,4
2018,Amhara,0
2018,Afar,0
2018,Tigray,0
2018,Benshangul-Gumaz,20
2018,Southern Nations,11
2018,Oromia,7
2018,Benshangul-Gumaz,20
2018,Dire Dawa,2
2018,Benshangul-Gumaz,10
2018,Oromia,4
2018,Gambela Peoples,4
2018,Oromia,0
2018,Gambela Peoples,0
2018,Somali,0
2018,Addis Ababa,0
2018,Amhara,0
2018,Oromia,0
2018,Addis Ababa,1
2018,Southern Nations,0
2018,Addis Ababa,1
2018,Tigray,0
2018,Addis Ababa,0
2018,Addis Ababa,1
2018,Addis Ababa,1
2018,Addis Ababa,1
2018,Addis Ababa,1
2018,Oromia,0
2018,Oromia,5
2018,Southern Nations,16
2018,Oromia,6
2018,Oromia,6
2018,Oromia,6
2018,Oromia,18
2018,Addis Ababa,2
2018,Oromia,0
2018,Southern Nations,0
2018,Oromia,0
2018,Addis Ababa,0
2018,Southern Nations,0
2018,Addis Ababa,2
2018,Southern Nations,0
2018,Amhara,2
2018,Addis Ababa,3
2018,Addis Ababa,3
2018,Benshangul-Gumaz,7
2018,Benshangul-Gumaz,0
2018,Addis Ababa,3
2018,Oromia,0
2018,Addis Ababa,2
2018,Addis Ababa,2
2018,Addis Ababa,3
2018,Addis Ababa,3
2018,Oromia,0
2018,Afar,0
2018,Tigray,0
2018,Oromia,1
2018,Amhara,1
2018,Amhara,0
2018,Oromia,2
2018,Addis Ababa,0
2018,Amhara,0
2018,Benshangul-Gumaz,10
2018,Southern Nations,0
2018,Amhara,2
2018,Oromia,1
2018,Oromia,0
2018,Southern Nations,0
2018,Tigray,2
2018,Oromia,4
2018,Amhara,1
2018,Oromia,2
2018,Tigray,0
2018,Addis Ababa,0
2018,Amhara,0
2018,Oromia,0
2018,Southern Nations,0
2018,Oromia,0
2018,Amhara,0
2018,Somali,0
2018,Addis Ababa,0
2018,Oromia,4
2018,Oromia,2
2018,Somali,5
2018,Addis Ababa,0
2018,Oromia,4
2018,Somali,0
2018,Southern Nations,2
2018,Addis Ababa,0
2018,Addis Ababa,0
2018,Dire Dawa,0
2018,Dire Dawa,0
2018,Benshangul-Gumaz,0
2018,Amhara,0
2018,Addis Ababa,0
2018,Southern Nations,0
2018,Amhara,0
2018,Oromia,3
2018,Oromia,1
2018,Addis Ababa,0
2018,Addis Ababa,0
2018,Amhara,1
2018,Southern Nations,3
2018,Oromia,30
2018,Tigray,0
2018,Oromia,18
2018,Oromia,0
2018,Addis Ababa,0
2018,Oromia,19
2018,Oromia,1
2018,Oromia,2
2018,Oromia,2
2018,Oromia,3
2018,Oromia,3
2018,Oromia,3
2018,Oromia,3
2018,Oromia,0
2018,Amhara,0
2018,Harari People,3
2018,Harari People,3
2018,Oromia,2
2018,Oromia,3
2018,Amhara,0
2018,Amhara,0
2018,Somali,0
2018,Somali,0
2018,Somali,0
2018,Amhara,1
2018,Oromia,1
2018,Somali,0
2018,Addis Ababa,0
2018,Somali,0
2018,Somali,0
2018,Somali,4
2018,Addis Ababa,0
2018,Somali,9
2018,Dire Dawa,10
2018,Dire Dawa,0
2018,Somali,0
2018,Somali,10
2018,Oromia,2
2018,Somali,10
2018,Benshangul-Gumaz,0
2018,Benshangul-Gumaz,0
2018,Tigray,0
2018,Tigray,3
2018,Oromia,0
2018,Oromia,2
2018,Amhara,3
2018,Addis Ababa,0
2018,Oromia,7
2018,Oromia,5
2018,Addis Ababa,0
2018,Southern Nations,2
2018,Amhara,0
2018,Amhara,0
2018,Addis Ababa,0
2018,Amhara,0
2018,Oromia,1
2018,Amhara,0
2018,Addis Ababa,1
2018,Oromia,4
2018,Amhara,0
2018,Southern Nations,0
2018,Tigray,0
2018,Amhara,0
2018,Amhara,0
2018,Oromia,1
2018,Somali,0
2018,Amhara,0
2018,Benshangul-Gumaz,0
2018,Oromia,0
2018,Oromia,0
2018,Oromia,1
2018,Oromia,6
2018,Oromia,5
2018,Oromia,5
2018,Oromia,1
2018,Oromia,0
2018,Addis Ababa,0
2018,Somali,3
2018,Oromia,7
2018,Oromia,9
2018,Oromia,5
2018,Addis Ababa,0
2018,Amhara,0
2018,Oromia,6
2018,Oromia,1
2018,Addis Ababa,0
2018,Amhara,10
2018,Amhara,0
2018,Amhara,0
2018,Amhara,0
2018,Southern Nations,0
2018,Tigray,0
2018,Oromia,0
2018,Oromia,1
2018,Oromia,1
2018,Oromia,2
2018,Oromia,0
2018,Oromia,1
2018,Oromia,1
2018,Oromia,1
2018,Oromia,2
2018,Oromia,9
2018,Oromia,4
2018,Amhara,3
2018,Benshangul-Gumaz,0
2018,Oromia,0
2018,Oromia,0
2018,Oromia,4
2018,Amhara,0
2018,Amhara,0
2018,Oromia,7
2018,Amhara,0
2018,Amhara,5
2018,Oromia,1
2018,Addis Ababa,0
2018,Oromia,0
2018,Oromia,0
2018,Oromia,0
2018,Oromia,0
2018,Afar,0
2018,Addis Ababa,0
2018,Benshangul-Gumaz,3
2018,Benshangul-Gumaz,3
2018,Oromia,2
2018,Benshangul-Gumaz,7
2018,Somali,0
2018,Benshangul-Gumaz,1
2018,Dire Dawa,3
2018,Afar,0
2018,Oromia,0
2018,Amhara,0
2018,Dire Dawa,0
2018,Amhara,0
2018,Gambela Peoples,0
2018,Somali,0
2018,Addis Ababa,0
2018,Addis Ababa,2
2018,Dire Dawa,0
2018,Afar,0
2018,Oromia,0
2018,Addis Ababa,0
2018,Oromia,1
2018,Oromia,0
2018,Addis Ababa,0
2018,Tigray,0
2018,Southern Nations,3
2018,Southern Nations,2
2018,Southern Nations,3
2018,Southern Nations,3
2018,Amhara,0
2018,Oromia,10
2018,Southern Nations,0
2018,Oromia,3
2018,Southern Nations,3
2018,Oromia,20
2018,Amhara,0
2018,Southern Nations,1
2018,Oromia,0
2018,Oromia,0
2018,Southern Nations,2
2018,Somali,0
2018,Amhara,3
2018,Oromia,20
2018,Amhara,0
2018,Southern Nations,0
2018,Amhara,0
2018,Oromia,20
2018,Oromia,20
2018,Somali,1
2018,Somali,1
2018,Somali,1
2018,Oromia,20
2018,Afar,0
2018,Harari People,0
2018,Oromia,1
2018,Somali,1
2018,Somali,1
2018,Somali,2
2018,Oromia,0
2018,Afar,0
2018,Afar,0
2018,Addis Ababa,0
2018,Afar,0
2018,Afar,0
2018,Tigray,0
2018,Afar,0
2018,Oromia,20
2018,Afar,0
2018,Afar,0
2018,Tigray,0
2018,Oromia,1
2018,Somali,1
2018,Somali,1
2018,Afar,0
2018,Oromia,20
2018,Amhara,0
2018,Oromia,20
2018,Oromia,0
2018,Addis Ababa,0
2018,Oromia,0
2018,Addis Ababa,0
2018,Addis Ababa,0
2018,Somali,0
2018,Oromia,20
2018,Oromia,1
2018,Somali,0
2018,Somali,0
2018,Oromia,10
2018,Oromia,0
2018,Addis Ababa,0
2018,Southern Nations,0
2018,Benshangul-Gumaz,0
2018,Somali,0
2018,Oromia,0
2018,Somali,0
2018,Oromia,0
2018,Somali,0
2018,Somali,0
2018,Somali,0
2018,Afar,0
2018,Oromia,1
2018,Oromia,0
2018,Amhara,2
2018,Southern Nations,1
2018,Oromia,0
2018,Somali,3
2018,Oromia,2
2018,Somali,2
2018,Oromia,1
2018,Oromia,4
2018,Oromia,1
2018,Oromia,1
2018,Oromia,2
2018,Amhara,11
2018,Southern Nations,0
2018,Amhara,3
2018,Southern Nations,0
2018,Somali,0
2018,Oromia,1
2018,Oromia,0
2018,Oromia,3
2018,Somali,6
2018,Oromia,5
2018,Oromia,1
2018,Oromia,0
2018,Somali,0
2018,Somali,0
2018,Somali,0
2018,Somali,0
2018,Somali,0
2018,Somali,0
2018,Dire Dawa,0
2018,Somali,0
2018,Somali,1
2018,Oromia,0
2018,Oromia,1
2018,Oromia,0
2018,Oromia,0
2018,Somali,0
2018,Somali,0
2018,Somali,0
2018,Oromia,2
2018,Oromia,0
2018,Oromia,0
2018,Somali,0
2018,Somali,0
2018,Oromia,0
2018,Oromia,0
2018,Oromia,0
2018,Somali,3
2018,Somali,0
2018,Somali,0
2018,Oromia,3
2018,Oromia,2
2018,Somali,0
2018,Oromia,0
2018,Oromia,0
2018,Oromia,0
2018,Oromia,0
2018,Oromia,0
2018,Oromia,0
2018,Oromia,13
2018,Oromia,0
2018,Somali,0
2018,Amhara,0
2018,Dire Dawa,0
2018,Oromia,0
2018,Oromia,0
2018,Oromia,0
2018,Somali,0
2018,Oromia,0
2018,Oromia,0
2018,Oromia,0
2018,Oromia,0
2018,Oromia,0
2018,Oromia,0
2018,Oromia,0
2018,Oromia,0
2018,Somali,0
2018,Somali,0
2018,Somali,0
2018,Dire Dawa,0
2018,Somali,0
2018,Somali,0
2018,Somali,0
2018,Somali,0
2018,Somali,0
2018,Oromia,0
2018,Somali,0
2018,Somali,0
2018,Somali,0
2018,Somali,0
2018,Somali,0
2018,Oromia,1
2018,Somali,0
2018,Somali,0
2018,Somali,0
2018,Somali,0
2018,Somali,0
2018,Somali,0
2018,Somali,0
2018,Oromia,5
2018,Oromia,1
2018,Somali,1
2018,Somali,0
2018,Somali,0
2018,Amhara,0
2018,Somali,0
2018,Somali,0
2018,Somali,0
2018,Somali,0
2018,Oromia,1
2018,Oromia,0
2018,Oromia,3
2018,Somali,0
2018,Oromia,0
2018,Somali,0
2018,Somali,0
2018,Oromia,1
2018,Somali,0
2018,Somali,0
2018,Oromia,1
2018,Oromia,2
2018,Oromia,0
2018,Somali,0
2018,Oromia,1
2018,Oromia,1
2018,Somali,0
2018,Oromia,11
2018,Oromia,5
2018,Oromia,1
2018,Oromia,0
2018,Oromia,10
2018,Oromia,1
2018,Oromia,1
2018,Oromia,2
2018,Oromia,1
2018,Oromia,1
2018,Benshangul-Gumaz,1
2018,Oromia,0
2018,Oromia,0
2018,Oromia,0
2018,Southern Nations,10
2018,Oromia,1
2018,Addis Ababa,0
2018,Oromia,0
2018,Afar,2
2018,Afar,2
2018,Oromia,1
2018,Dire Dawa,0
2018,Oromia,1
2018,Oromia,0
2018,Oromia,0
2018,Oromia,0
2018,Oromia,0
2018,Oromia,0
2018,Oromia,0
2018,Oromia,0
2018,Oromia,1
2018,Oromia,1
2018,Oromia,1
2018,Oromia,1
2018,Oromia,10
2018,Oromia,1
2018,Oromia,0
2018,Oromia,1
2018,Oromia,3
2018,Oromia,1
2018,Oromia,1
2018,Oromia,1
2018,Amhara,1
2018,Oromia,0
2018,Oromia,0
2018,Oromia,0
2018,Oromia,0
2018,Oromia,2
2018,Addis Ababa,0
2018,Harari People,0
2018,Addis Ababa,0
2018,Amhara,0
2018,Oromia,0
2018,Oromia,1
2018,Oromia,0
2018,Oromia,0
2018,Southern Nations,10
2018,Addis Ababa,0
2018,Oromia,5
2018,Oromia,12
2018,Addis Ababa,0
2018,Amhara,7
2018,Oromia,0
2018,Oromia,5
2018,Benshangul-Gumaz,2
2018,Addis Ababa,0
2018,Oromia,1
2018,Addis Ababa,1
2018,Addis Ababa,0
2018,Addis Ababa,0
2018,Oromia,1
2018,Oromia,1
2018,Oromia,13
2018,Oromia,0
2018,Dire Dawa,0
2018,Oromia,5
2018,Oromia,1
2018,Oromia,2
2018,Oromia,0
2018,Oromia,2
2018,Oromia,1
2018,Oromia,3
2018,Oromia,0
2018,Oromia,0
2018,Oromia,1
2018,Oromia,1
2018,Oromia,1
2018,Oromia,3
2018,Oromia,0
2018,Oromia,3
2018,Oromia,3
2018,Oromia,1
2018,Oromia,0
2018,Oromia,0
2018,Amhara,3
2018,Oromia,1
2018,Oromia,1
2018,Oromia,2
2018,Oromia,1
2018,Oromia,3
2018,Oromia,1
2018,Oromia,1
2018,Addis Ababa,12
2018,Oromia,0
2018,Oromia,5
2018,Oromia,1
2018,Oromia,0
2018,Oromia,6
2018,Addis Ababa,1
2018,Oromia,0
2018,Addis Ababa,0
2018,Amhara,0
2018,Oromia,0
2018,Oromia,1
2018,Oromia,0
2018,Oromia,0
2018,Oromia,0
2018,Oromia,0
2018,Oromia,1
2018,Oromia,0
2018,Amhara,0
2018,Oromia,0
2018,Oromia,0
2018,Southern Nations,1
2018,Southern Nations,1
2018,Southern Nations,1
2018,Oromia,0
2018,Addis Ababa,0
2018,Amhara,0
2018,Dire Dawa,0
2018,Addis Ababa,0
2018,Oromia,2
2018,Oromia,4
2018,Southern Nations,1
2018,Addis Ababa,0
2018,Benshangul-Gumaz,2
2018,Oromia,0
2018,Oromia,3
2018,Southern Nations,0
2018,Oromia,0
2018,Oromia,2
2018,Addis Ababa,0
2018,Oromia,0
2018,Southern Nations,2
2018,Oromia,1
2018,Oromia,0
2018,Addis Ababa,0
2018,Southern Nations,0
2018,Addis Ababa,0
2018,Amhara,0
2018,Southern Nations,0
2018,Amhara,0
2018,Southern Nations,0
2018,Amhara,0
2018,Oromia,0
2018,Oromia,0
2018,Oromia,0
2018,Oromia,0
2018,Oromia,0
2018,Oromia,0
2018,Oromia,10
2018,Oromia,0
2018,Dire Dawa,0
2018,Oromia,1
2018,Oromia,0
2018,Dire Dawa,1
2018,Amhara,0
2018,Amhara,0
2018,Amhara,0
2018,Oromia,0
2018,Amhara,0
2018,Oromia,2
2018,Amhara,0
2018,Amhara,0
2018,Oromia,1
2018,Oromia,2
2018,Amhara,0
2018,Amhara,0
2018,Amhara,3
2018,Amhara,3
2018,Amhara,2
2018,Amhara,2
2018,Amhara,13
2018,Oromia,0
2018,Amhara,0
2018,Amhara,0
2018,Oromia,5
2018,Oromia,0
2018,Oromia,5
2018,Somali,11
2018,Oromia,1
2018,Amhara,15
2018,Southern Nations,0
2018,Amhara,0
2018,Amhara,0
2018,Amhara,15
2018,Oromia,3
2018,Southern Nations,0
2018,Amhara,0
2018,Amhara,0
2018,Amhara,2
2018,Amhara,0
2018,Amhara,15
2018,Amhara,0
2018,Amhara,15
2018,Oromia,0
2018,Oromia,1
2018,Oromia,1
2018,Amhara,4
2018,Oromia,0
2018,Oromia,0
2018,Amhara,0
2018,Amhara,0
2018,Oromia,0
2018,Benshangul-Gumaz,2
2018,Addis Ababa,0
2018,Addis Ababa,0
2018,Somali,3
2018,Southern Nations,4
2018,Oromia,0
2018,Oromia,0
2018,Harari People,1
2018,Oromia,3
2018,Oromia,0
2018,Oromia,0
2018,Oromia,0
2018,Oromia,0
2018,Oromia,0
2018,Oromia,0
2018,Oromia,0
2018,Oromia,0
2018,Oromia,0
2018,Oromia,0
2018,Oromia,0
2018,Oromia,0
2018,Oromia,0
2018,Oromia,0
2018,Oromia,0
2018,Oromia,0
2017,Oromia,2
2017,Oromia,0
2017,Oromia,0
2017,Southern Nations,0
2017,Tigray,0
2017,Oromia,0
2017,Benshangul-Gumaz,0
2017,Southern Nations,0
2017,Oromia,0
2017,Oromia,2
2017,Benshangul-Gumaz,0
2017,Southern Nations,0
2017,Southern Nations,0
2017,Tigray,0
2017,Addis Ababa,0
2017,Dire Dawa,0
2017,Gambela Peoples,8
2017,Oromia,6
2017,Oromia,4
2017,Oromia,2
2017,Oromia,0
2017,Dire Dawa,0
2017,Oromia,4
2017,Oromia,0
2017,Oromia,0
2017,Oromia,0
2017,Oromia,0
2017,Oromia,0
2017,Oromia,3
2017,Oromia,8
2017,Oromia,7
2017,Oromia,9
2017,Oromia,7
2017,Oromia,3
2017,Benshangul-Gumaz,2
2017,Oromia,2
2017,Oromia,11
2017,Amhara,0
2017,Amhara,0
2017,Amhara,0
2017,Amhara,0
2017,Oromia,9
2017,Oromia,7
2017,Addis Ababa,0
2017,Amhara,0
2017,Amhara,0
2017,Oromia,18
2017,Oromia,0
2017,Oromia,0
2017,Oromia,0
2017,Amhara,0
2017,Oromia,2
2017,Amhara,2
2017,Tigray,1
2017,Oromia,1
2017,Oromia,0
2017,Oromia,7
2017,Oromia,2
2017,Amhara,10
2017,Southern Nations,13
2017,Oromia,1
2017,Amhara,0
2017,Benshangul-Gumaz,0
2017,Amhara,0
2017,Afar,1
2017,Amhara,0
2017,Oromia,0
2017,Oromia,0
2017,Oromia,0
2017,Oromia,0
2017,Oromia,0
2017,Somali,1
2017,Oromia,0
2017,Oromia,0
2017,Oromia,0
2017,Oromia,0
2017,Oromia,0
2017,Oromia,0
2017,Oromia,6
2017,Oromia,7
2017,Oromia,0
2017,Oromia,2
2017,Oromia,0
2017,Oromia,0
2017,Oromia,0
2017,Oromia,0
2017,Southern Nations,0
2017,Oromia,27
2017,Oromia,3
2017,Oromia,2
2017,Oromia,2
2017,Oromia,0
2017,Afar,17
2017,Somali,10
2017,Addis Ababa,10
2017,Amhara,1
2017,Oromia,0
2017,Oromia,0
2017,Oromia,0
2017,Addis Ababa,30
2017,Amhara,0
2017,Amhara,0
2017,Oromia,5
2017,Oromia,2
2017,Amhara,0
2017,Oromia,10
2017,Oromia,0
2017,Amhara,0
2017,Oromia,0
2017,Benshangul-Gumaz,2
2017,Addis Ababa,0
2017,Oromia,1
2017,Oromia,7
2017,Oromia,15
2017,Oromia,1
2017,Oromia,3
2017,Oromia,0
2017,Amhara,0
2017,Oromia,0
2017,Oromia,0
2017,Oromia,0
2017,Oromia,1
2017,Oromia,2
2017,Oromia,4
2017,Benshangul-Gumaz,9
2017,Oromia,1
2017,Oromia,2
2017,Oromia,2
2017,Oromia,1
2017,Oromia,0
2017,Oromia,2
2017,Oromia,10
2017,Oromia,0
2017,Oromia,0
2017,Addis Ababa,1
2017,Oromia,12
2017,Oromia,0
2017,Oromia,0
2017,Oromia,0
2017,Oromia,1
2017,Oromia,2
2017,Oromia,0
2017,Oromia,2
2017,Oromia,5
2017,Oromia,6
2017,Oromia,0
2017,Oromia,2
2017,Oromia,1
2017,Oromia,2
2017,Oromia,2
2017,Oromia,0
2017,Oromia,2
2017,Addis Ababa,0
2017,Oromia,0
2017,Oromia,2
2017,Oromia,0
2017,Oromia,1
2017,Oromia,0
2017,Oromia,0
2017,Oromia,0
2017,Oromia,0
2017,Oromia,0
2017,Oromia,2
2017,Oromia,0
2017,Oromia,0
2017,Oromia,0
2017,Oromia,0
2017,Benshangul-Gumaz,2
2017,Benshangul-Gumaz,1
2017,Somali,0
2017,Somali,0
2017,Oromia,0
2017,Oromia,0
2017,Oromia,0
2017,Oromia,0
2017,Oromia,0
2017,Oromia,0
2017,Oromia,0
2017,Oromia,0
2017,Oromia,0
2017,Oromia,0
2017,Oromia,0
2017,Oromia,0
2017,Oromia,0
2017,Oromia,0
2017,Oromia,6
2017,Oromia,0
2017,Oromia,0
2017,Oromia,0
2017,Oromia,4
2017,Oromia,0
2017,Oromia,0
2017,Oromia,0
2017,Afar,9
2017,Afar,2
2017,Afar,2
2017,Oromia,0
2017,Oromia,0
2017,Oromia,3
2017,Oromia,8
2017,Oromia,0
2017,Oromia,0
2017,Oromia,0
2017,Oromia,1
2017,Oromia,1
2017,Oromia,0
2017,Addis Ababa,3
2017,Oromia,1
2017,Oromia,0
2017,Oromia,0
2017,Oromia,30
2017,Oromia,0
2017,Oromia,0
2017,Somali,1
2017,Oromia,0
2017,Oromia,3
2017,Oromia,5
2017,Oromia,0
2017,Oromia,0
2017,Oromia,0
2017,Addis Ababa,0
2017,Somali,0
2017,Oromia,2
2017,Oromia,0
2017,Oromia,0
2017,Oromia,3
2017,Oromia,0
2017,Oromia,2
2017,Amhara,0
2017,Oromia,2
2017,Oromia,1
2017,Oromia,0
2017,Oromia,0
2017,Addis Ababa,0
2017,Oromia,0
2017,Oromia,0
2017,Oromia,0
2017,Oromia,0
2017,Oromia,50
2017,Oromia,1
2017,Oromia,1
2017,Oromia,0
2017,Oromia,0
2017,Oromia,1
2017,Somali,3
2017,Oromia,25
2017,Oromia,4
2017,Oromia,7
2017,Oromia,62
2017,Oromia,3
2017,Oromia,4
2017,Oromia,11
2017,Oromia,30
2017,Oromia,0
2017,Oromia,1
2017,Oromia,1
2017,Oromia,30
2017,Oromia,8
2017,Oromia,6
2017,Oromia,1
2017,Oromia,2
2017,Oromia,0
2017,Oromia,0
2017,Oromia,0
2017,Oromia,0
2017,Oromia,0
2017,Oromia,0
2017,Oromia,0
2017,Oromia,0
2017,Oromia,0
2017,Oromia,0
2017,Oromia,0
2017,Oromia,0
2017,Addis Ababa,0
2017,Oromia,0
2017,Oromia,0
2017,Oromia,0
2017,Oromia,0
2017,Oromia,0
2017,Oromia,0
2017,Oromia,7
2017,Oromia,0
2017,Addis Ababa,0
2017,Oromia,2
2017,Oromia,3
2017,Oromia,1
2017,Amhara,0
2017,Amhara,0
2017,Oromia,0
2017,Oromia,0
2017,Oromia,0
2017,Harari People,0
2017,Oromia,5
2017,Oromia,1
2017,Oromia,6
2017,Oromia,0
2017,Oromia,0
2017,Oromia,0
2017,Oromia,0
2017,Amhara,0
2017,Amhara,0
2017,Oromia,5
2017,Oromia,0
2017,Oromia,0
2017,Amhara,1
2017,Addis Ababa,0
2017,Oromia,0
2017,Oromia,2
2017,Oromia,0
2017,Oromia,1
2017,Oromia,1
2017,Oromia,0
2017,Oromia,0
2017,Oromia,2
2017,Oromia,2
2017,Oromia,5
2017,Oromia,1
2017,Addis Ababa,0
2017,Addis Ababa,0
2017,Oromia,1
2017,Oromia,0
2017,Oromia,0
2017,Oromia,0
2017,Tigray,0
2017,Oromia,0
2017,Oromia,0
2017,Oromia,0
2017,Oromia,0
2017,Oromia,0
2017,Oromia,0
2017,Oromia,2
2017,Amhara,0
2017,Oromia,0
2017,Oromia,0
2017,Oromia,0
2017,Oromia,0
2017,Oromia,0
2017,Afar,3
2017,Amhara,3
2017,Addis Ababa,0
2017,Amhara,12
2017,Amhara,4
2017,Oromia,3
2017,Afar,4
2017,Amhara,4
2017,Oromia,0
2017,Oromia,0
2017,Amhara,0
2017,Amhara,1
2017,Amhara,0
2017,Addis Ababa,0
2017,Oromia,2
2017,Amhara,1
2017,Amhara,0
2017,Oromia,1
2017,Somali,10
2017,Amhara,1
2017,Amhara,1
2017,Amhara,2
2017,Amhara,1
2017,Amhara,1
2017,Amhara,1
2017,Amhara,2
2017,Amhara,1
2017,Addis Ababa,0
2017,Somali,11
2017,Oromia,0
2017,Oromia,5
2017,Amhara,13
2017,Oromia,1
2017,Amhara,0
2017,Oromia,1
2017,Oromia,0
2017,Afar,0
2017,Afar,2
2017,Afar,11
2017,Oromia,1
2017,Afar,12
2017,Amhara,3
2017,Amhara,2
2017,Afar,0
2017,Amhara,1
2017,Amhara,0
2017,Amhara,0
2017,Oromia,0
2017,Afar,0
2017,Oromia,1
2017,Oromia,1
2017,Oromia,1
2017,Afar,0
2017,Amhara,1
2017,Amhara,2
2017,Amhara,1
2017,Amhara,0
2017,Amhara,5
2017,Amhara,0
2017,Dire Dawa,1
2017,Oromia,0
2017,Amhara,1
2017,Somali,17
2017,Amhara,0
2017,Amhara,3
2017,Oromia,0
2017,Oromia,3
2017,Tigray,3
2017,Tigray,3
2017,Amhara,0
2017,Tigray,0
2017,Afar,2
2017,Addis Ababa,0
2017,Oromia,1
2017,Oromia,0
2017,Afar,5
2017,Oromia,1
2017,Afar,2
2017,Oromia,0
2017,Oromia,14
2017,Oromia,1
2017,Amhara,3
2017,Somali,0
2017,Oromia,0
2017,Oromia,0
2017,Oromia,1
2017,Oromia,2
2017,Gambela Peoples,6
2017,Oromia,4
2017,Oromia,16
2017,Gambela Peoples,6
2017,Amhara,2
2017,Amhara,0
2017,Amhara,3
2017,Oromia,1
2017,Gambela Peoples,6
2017,Oromia,0
2017,Oromia,8
2017,Oromia,7
2017,Oromia,8
2017,Amhara,0
2017,Oromia,6
2017,Oromia,0
2017,Oromia,0
2017,Benshangul-Gumaz,13
2017,Oromia,3
2017,Oromia,0
2017,Gambela Peoples,4
2017,Oromia,1
2017,Oromia,0
2017,Oromia,0
2017,Oromia,2
2017,Oromia,20
2017,Oromia,17
2017,Oromia,1
2017,Addis Ababa,1
2017,Oromia,0
2017,Oromia,9
2017,Oromia,3
2017,Oromia,10
2017,Oromia,9
2017,Oromia,0
2017,Oromia,2
2017,Afar,2
2017,Oromia,3
2017,Amhara,0
2017,Amhara,22
2017,Gambela Peoples,8
2017,Benshangul-Gumaz,4
2017,Oromia,1
2017,Oromia,1
2017,Oromia,4
2017,Oromia,1
2017,Oromia,4
2017,Addis Ababa,0
2017,Amhara,0
2017,Amhara,0
2017,Gambela Peoples,11
2017,Oromia,1
2017,Tigray,16
2017,Southern Nations,0
2017,Benshangul-Gumaz,13
2017,Amhara,0
2017,Amhara,1
2017,Amhara,0
2017,Addis Ababa,0
2017,Oromia,8
2017,Oromia,8
2017,Oromia,8
2017,Oromia,8
2017,Benshangul-Gumaz,9
2017,Oromia,1
2017,Benshangul-Gumaz,9
2017,Amhara,0
2017,Amhara,1
2017,Benshangul-Gumaz,40
2017,Gambela Peoples,18
2016,Oromia,1
2016,Gambela Peoples,5
2016,Oromia,13
2016,Oromia,1
2016,Oromia,1
2016,Addis Ababa,0
2016,Amhara,0
2016,Amhara,4
2016,Oromia,9
2016,Amhara,1
2016,Oromia,17
2016,Oromia,1
2016,Oromia,12
2016,Oromia,12
2016,Addis Ababa,0
2016,Somali,6
2016,Amhara,0
2016,Addis Ababa,0
2016,Amhara,0
2016,Addis Ababa,0
2016,Amhara,0
2016,Amhara,0
2016,Amhara,0
2016,Afar,4
2016,Oromia,1
2016,Oromia,1
2016,Oromia,0
2016,Afar,1
2016,Tigray,0
2016,Afar,13
2016,Addis Ababa,0
2016,Oromia,2
2016,Addis Ababa,0
2016,Amhara,0
2016,Amhara,15
2016,Amhara,2
2016,Oromia,0
2016,Oromia,0
2016,Oromia,0
2016,Oromia,0
2016,Oromia,0
2016,Oromia,0
2016,Oromia,0
2016,Oromia,0
2016,Oromia,0
2016,Amhara,0
2016,Amhara,1
2016,Tigray,1
2016,Amhara,1
2016,Oromia,0
2016,Amhara,2
2016,Amhara,1
2016,Amhara,1
2016,Amhara,1
2016,Tigray,1
2016,Addis Ababa,1
2016,Amhara,2
2016,Amhara,1
2016,Tigray,1
2016,Amhara,2
2016,Amhara,2
2016,Tigray,2
2016,Amhara,0
2016,Amhara,2
2016,Amhara,2
2016,Tigray,2
2016,Amhara,3
2016,Amhara,2
2016,Amhara,2
2016,Tigray,2
2016,Amhara,2
2016,Amhara,2
2016,Tigray,2
2016,Amhara,2
2016,Amhara,2
2016,Tigray,2
2016,Amhara,21
2016,Oromia,85
2016,Southern Nations,1
2016,Addis Ababa,0
2016,Amhara,0
2016,Oromia,1
2016,Addis Ababa,0
2016,Oromia,0
2016,Somali,1
2016,Oromia,3
2016,Addis Ababa,0
2016,Addis Ababa,0
2016,Tigray,0
2016,Oromia,2
2016,Oromia,1
2016,Oromia,1
2016,Addis Ababa,0
2016,Oromia,1
2016,Oromia,0
2016,Amhara,0
2016,Oromia,3
2016,Oromia,1
2016,Oromia,0
2016,Oromia,1
2016,Oromia,0
2016,Oromia,0
2016,Amhara,50
2016,Oromia,11
2016,Oromia,0
2016,Southern Nations,0
2016,Amhara,0
2016,Amhara,0
2016,Southern Nations,0
2016,Oromia,36
2016,Oromia,75
2016,Oromia,172
2016,Oromia,11
2016,Southern Nations,1
2016,Southern Nations,1
2016,Addis Ababa,0
2016,Oromia,28
2016,Harari People,1
2016,Oromia,0
2016,Oromia,0
2016,Oromia,0
2016,Oromia,0
2016,Oromia,0
2016,Addis Ababa,0
2016,Oromia,0
2016,Oromia,0
2016,Oromia,0
2016,Southern Nations,0
2016,Dire Dawa,0
2016,Oromia,0
2016,Southern Nations,11
2016,Southern Nations,4
2016,Southern Nations,4
2016,Oromia,0
2016,Oromia,0
2016,Southern Nations,4
2016,Oromia,0
2016,Oromia,0
2016,Oromia,0
2016,Oromia,0
2016,Oromia,2
2016,Oromia,7
2016,Oromia,0
2016,Addis Ababa,0
2016,Oromia,0
2016,Oromia,0
2016,Oromia,0
2016,Oromia,0
2016,Oromia,0
2016,Oromia,0
2016,Oromia,0
2016,Oromia,0
2016,Oromia,0
2016,Oromia,0
2016,Oromia,0
2016,Oromia,0
2016,Oromia,0
2016,Oromia,0
2016,Oromia,0
2016,Oromia,0
2016,Oromia,0
2016,Oromia,0
2016,Addis Ababa,0
2016,Oromia,0
2016,Oromia,0
2016,Oromia,1
2016,Oromia,0
2016,Southern Nations,0
2016,Oromia,0
2016,Oromia,0
2016,Oromia,0
2016,Oromia,0
2016,Oromia,0
2016,Oromia,0
2016,Oromia,0
2016,Oromia,0
2016,Oromia,0
2016,Oromia,0
2016,Oromia,0
2016,Oromia,0
2016,Oromia,0
2016,Oromia,5
2016,Oromia,0
2016,Oromia,0
2016,Oromia,0
2016,Oromia,0
2016,Oromia,55
2016,Oromia,0
2016,Oromia,1
2016,Oromia,1
2016,Oromia,0
2016,Oromia,1
2016,Oromia,0
2016,Oromia,0
2016,Oromia,1
2016,Oromia,0
2016,Oromia,1
2016,Oromia,1
2016,Oromia,5
2016,Oromia,1
2016,Somali,4
2016,Somali,6
2016,Somali,3
2016,Amhara,0
2016,Amhara,0
2016,Oromia,1
2016,Addis Ababa,0
2016,Amhara,0
2016,Oromia,0
2016,Oromia,0
2016,Oromia,0
2016,Oromia,0
2016,Oromia,0
2016,Oromia,0
2016,Southern Nations,35
2016,Oromia,0
2016,Oromia,0
2016,Oromia,0
2016,Oromia,0
2016,Oromia,0
2016,Oromia,1
2016,Oromia,0
2016,Oromia,0
2016,Dire Dawa,0
2016,Oromia,0
2016,Oromia,0
2016,Oromia,2
2016,Oromia,6
2016,Oromia,0
2016,Oromia,0
2016,Oromia,0
2016,Oromia,0
2016,Oromia,0
2016,Oromia,0
2016,Oromia,3
2016,Addis Ababa,0
2016,Oromia,0
2016,Oromia,0
2016,Oromia,0
2016,Oromia,0
2016,Oromia,0
2016,Oromia,0
2016,Oromia,0
2016,Oromia,0
2016,Oromia,0
2016,Oromia,0
2016,Oromia,1
2016,Oromia,0
2016,Oromia,0
2016,Oromia,0
2016,Oromia,0
2016,Oromia,0
2016,Oromia,0
2016,Oromia,0
2016,Oromia,0
2016,Oromia,0
2016,Oromia,0
2016,Addis Ababa,0
2016,Oromia,0
2016,Oromia,0
2016,Oromia,0
2016,Oromia,0
2016,Oromia,0
2016,Oromia,0
2016,Oromia,0
2016,Oromia,2
2016,Oromia,0
2016,Oromia,0
2016,Oromia,0
2016,Oromia,0
2016,Oromia,0
2016,Oromia,0
2016,Oromia,0
2016,Oromia,0
2016,Oromia,0
2016,Oromia,0
2016,Oromia,0
2016,Oromia,0
2016,Oromia,0
2016,Oromia,0
2016,Oromia,0
2016,Oromia,0
2016,Oromia,0
2016,Oromia,0
2016,Oromia,0
2016,Oromia,0
2016,Oromia,0
2016,Addis Ababa,0
2016,Oromia,0
2016,Oromia,0
2016,Oromia,0
2016,Oromia,0
2016,Oromia,0
2016,Dire Dawa,0
2016,Oromia,0
2016,Oromia,0
2016,Oromia,2
2016,Somali,10
2016,Somali,6
2016,Amhara,18
2016,Somali,4
2016,Somali,3
2016,Somali,10
2016,Oromia,7
2016,Oromia,4
2016,Addis Ababa,2
2016,Addis Ababa,67
2016,Amhara,0
2016,Amhara,7
2016,Amhara,22
2016,Amhara,25
2016,Amhara,8
2016,Oromia,7
2016,Amhara,0
2016,Afar,0
2016,Amhara,3
2016,Oromia,5
2016,Oromia,1
2016,Amhara,0
2016,Amhara,0
2016,Amhara,0
2016,Oromia,0
2016,Oromia,5
2016,Oromia,0
2016,Amhara,0
2016,Oromia,4
2016,Amhara,0
2016,Amhara,0
2016,Amhara,0
2016,Somali,7
2016,Amhara,4
2016,Oromia,1
2016,Addis Ababa,0
2016,Oromia,1
2016,Amhara,0
2016,Amhara,0
2016,Amhara,0
2016,Oromia,0
2016,Amhara,0
2016,Amhara,0
2016,Amhara,1
2016,Amhara,0
2016,Somali,15
2016,Somali,0
2016,Oromia,0
2016,Oromia,0
2016,Oromia,0
2016,Oromia,13
2016,Oromia,2
2016,Oromia,5
2016,Oromia,0
2016,Oromia,0
2016,Amhara,22
2016,Oromia,0
2016,Oromia,1
2016,Oromia,2
2016,Oromia,0
2016,Oromia,1
2016,Amhara,0
2016,Oromia,7
2016,Oromia,14
2016,Oromia,4
2016,Amhara,30
2016,Oromia,5
2016,Oromia,1
2016,Oromia,0
2016,Oromia,0
2016,Amhara,0
2016,Oromia,10
2016,Oromia,2
2016,Oromia,0
2016,Oromia,0
2016,Oromia,0
2016,Oromia,0
2016,Oromia,0
2016,Oromia,0
2016,Oromia,0
2016,Oromia,1
2016,Oromia,15
2016,Oromia,9
2016,Oromia,4
2016,Dire Dawa,1
2016,Oromia,1
2016,Oromia,1
2016,Oromia,2
2016,Oromia,1
2016,Oromia,2
2016,Oromia,2
2016,Oromia,1
2016,Oromia,1
2016,Oromia,1
2016,Oromia,0
2016,Oromia,2
2016,Oromia,2
2016,Oromia,1
2016,Oromia,0
2016,Oromia,0
2016,Oromia,1
2016,Oromia,1
2016,Oromia,6
2016,Oromia,18
2016,Oromia,2
2016,Oromia,0
2016,Oromia,2
2016,Oromia,1
2016,Oromia,0
2016,Oromia,3
2016,Oromia,1
2016,Oromia,1
2016,Oromia,0
2016,Oromia,1
2016,Oromia,0
2016,Oromia,0
2016,Oromia,0
2016,Oromia,2
2016,Oromia,0
2016,Oromia,0
2016,Oromia,0
2016,Oromia,0
2016,Addis Ababa,0
2016,Oromia,1
2016,Oromia,0
2016,Oromia,0
2016,Oromia,18
2016,Oromia,1
2016,Oromia,17
2016,Amhara,0
2016,Amhara,7
2016,Oromia,3
2016,Oromia,4
2016,Oromia,2
2016,Oromia,1
2016,Oromia,0
2016,Oromia,0
2016,Oromia,0
2016,Oromia,0
2016,Oromia,1
2016,Oromia,4
2016,Oromia,0
2016,Oromia,3
2016,Oromia,1
2016,Oromia,1
2016,Oromia,0
2016,Oromia,0
2016,Oromia,0
2016,Oromia,0
2016,Oromia,0
2016,Oromia,0
2016,Oromia,0
2016,Oromia,0
2016,Oromia,0
2016,Oromia,0
2016,Oromia,0
2016,Oromia,0
2016,Oromia,0
2016,Oromia,0
2016,Oromia,0
2016,Oromia,1
2016,Oromia,1
2016,Oromia,1
2016,Oromia,4
2016,Oromia,4
2016,Oromia,1
2016,Oromia,3
2016,Oromia,1
2016,Oromia,1
2016,Oromia,2
2016,Oromia,0
2016,Oromia,0
2016,Amhara,2
2016,Oromia,0
2016,Oromia,0
2016,Oromia,0
2016,Oromia,0
2016,Oromia,0
2016,Oromia,2
2016,Oromia,0
2016,Oromia,6
2016,Amhara,0
2016,Oromia,1
2016,Oromia,0
2016,Oromia,0
2016,Oromia,0
2016,Oromia,0
2016,Oromia,2
2016,Oromia,0
2016,Oromia,0
2016,Oromia,2
2016,Oromia,0
2016,Oromia,0
2016,Oromia,22
2016,Oromia,0
2016,Oromia,0
2016,Oromia,0
2016,Oromia,0
2016,Oromia,0
2016,Oromia,0
2016,Oromia,0
2016,Dire Dawa,0
2016,Oromia,0
2016,Oromia,0
2016,Oromia,0
2016,Oromia,0
2016,Oromia,2
2016,Oromia,0
2016,Oromia,2
2016,Oromia,0
2016,Oromia,0
2016,Afar,0
2016,Oromia,0
2016,Oromia,0
2016,Oromia,0
2016,Oromia,0
2016,Oromia,1
2016,Oromia,0
2016,Oromia,0
2016,Oromia,0
2016,Oromia,0
2016,Oromia,0
2016,Oromia,0
2016,Oromia,1
2016,Oromia,0
2016,Oromia,0
2016,Oromia,0
2016,Oromia,0
2016,Oromia,0
2016,Oromia,0
2016,Oromia,0
2016,Oromia,0
2016,Oromia,0
2016,Oromia,2
2016,Oromia,0
2016,Oromia,0
2016,Amhara,8
2016,Oromia,0
2016,Amhara,8
2016,Oromia,0
2016,Oromia,0
2016,Oromia,0
2016,Oromia,0
2016,Oromia,1
2016,Oromia,0
2016,Oromia,0
2016,Oromia,0
2016,Oromia,0
2016,Oromia,0
2016,Oromia,0
2016,Oromia,0
2016,Oromia,0
2016,Oromia,0
2016,Oromia,0
2016,Oromia,0
2016,Oromia,0
2016,Amhara,7
2016,Oromia,0
2016,Amhara,1
2016,Southern Nations,0
2016,Oromia,2
2016,Oromia,0
2016,Oromia,0
2016,Oromia,4
2016,Oromia,0
2016,Dire Dawa,0
2016,Oromia,0
2016,Oromia,7
2016,Afar,1
2016,Oromia,0
2016,Addis Ababa,0
2016,Addis Ababa,4
2016,Addis Ababa,0
2016,Addis Ababa,0
2016,Oromia,0
2016,Oromia,7
2016,Oromia,7
2016,Oromia,0
2016,Oromia,0
2016,Oromia,7
2016,Oromia,0
2016,Oromia,0
2016,Oromia,0
2016,Oromia,5
2016,Oromia,15
2016,Addis Ababa,0
2016,Tigray,0
2016,Afar,0
2016,Oromia,0
2016,Oromia,0
2016,Oromia,7
2016,Oromia,9
2016,Oromia,2
2016,Somali,10
2016,Oromia,1
2016,Oromia,0
2016,Oromia,0
2016,Somali,0
2016,Oromia,0
2016,Oromia,0
2016,Afar,0
2016,Oromia,0
2016,Oromia,1
2016,Oromia,0
2016,Tigray,30
2016,Oromia,0
2016,Oromia,1
2016,Somali,0
2016,Oromia,0
2016,Amhara,6
2016,Oromia,0
2016,Addis Ababa,0
2016,Tigray,0
2016,Addis Ababa,0
2016,Addis Ababa,0
2016,Addis Ababa,0
2016,Addis Ababa,0
2016,Somali,27
2016,Oromia,2
2016,Oromia,0
2016,Dire Dawa,0
2016,Oromia,0
2016,Southern Nations,0
2016,Oromia,0
2016,Oromia,0
2016,Oromia,0
2016,Oromia,0
2016,Oromia,0
2016,Oromia,0
2016,Oromia,0
2016,Oromia,0
2016,Oromia,0
2016,Oromia,0
2016,Oromia,0
2016,Oromia,0
2016,Oromia,0
2016,Somali,0
2016,Dire Dawa,0
2016,Oromia,0
2016,Oromia,0
2016,Oromia,0
2016,Addis Ababa,0
2016,Addis Ababa,0
2016,Oromia,0
2016,Oromia,0
2016,Oromia,0
2016,Oromia,0
2016,Oromia,1
2016,Oromia,0
2016,Somali,10
2016,Somali,10
2016,Oromia,0
2016,Oromia,0
2016,Oromia,0
2016,Addis Ababa,2
2016,Somali,25
2016,Addis Ababa,3
2016,Somali,20
2016,Oromia,0
2016,Oromia,4
2016,Oromia,0
2016,Oromia,0
2016,Oromia,0
2016,Addis Ababa,3
2016,Addis Ababa,3
2016,Oromia,0
2016,Oromia,0
2016,Oromia,0
2016,Oromia,0
2016,Oromia,0
2016,Oromia,0
2016,Oromia,0
2016,Oromia,0
2016,Oromia,0
2016,Oromia,0
2016,Oromia,3
2016,Oromia,0
2016,Oromia,0
2016,Oromia,0
2016,Oromia,1
2016,Oromia,2
2016,Afar,50
2016,Oromia,1
2016,Oromia,6
2016,Oromia,0
2016,Oromia,12
2016,Gambela Peoples,2
2016,Gambela Peoples,2
2016,Gambela Peoples,10
2016,Gambela Peoples,0
2016,Oromia,0
2016,Gambela Peoples,60
2016,Gambela Peoples,208
2016,Oromia,0
2016,Oromia,1
2016,Oromia,0
2016,Oromia,0
2016,Oromia,0
2016,Oromia,0
2016,Oromia,0
2016,Oromia,0
2016,Oromia,0
2016,Oromia,0
2016,Oromia,1
2016,Somali,9
2016,Oromia,0
2016,Oromia,0
2016,Addis Ababa,1
2016,Oromia,0
2016,Oromia,0
2016,Oromia,0
2016,Somali,23
2016,Oromia,0
2016,Oromia,0
2016,Oromia,1
2016,Oromia,1
2016,Oromia,5
2016,Oromia,1
2016,Oromia,1
2016,Oromia,1
2016,Somali,15
2016,Oromia,0
2016,Oromia,0
2016,Oromia,0
2016,Southern Nations,0
2016,Oromia,0
2016,Oromia,0
2016,Oromia,0
2016,Oromia,0
2016,Oromia,1
2016,Tigray,0
2016,Oromia,1
2016,Somali,5
2016,Somali,3
2016,Oromia,1
2016,Oromia,0
2016,Oromia,3
2016,Oromia,5
2016,Oromia,0
2016,Southern Nations,0
2016,Oromia,0
2016,Oromia,0
2016,Oromia,1
2016,Oromia,1
2016,Oromia,0
2016,Oromia,0
2016,Oromia,2
2016,Oromia,0
2016,Oromia,0
2016,Southern Nations,0
2016,Oromia,0
2016,Oromia,0
2016,Oromia,0
2016,Southern Nations,0
2016,Oromia,0
2016,Oromia,0
2016,Oromia,0
2016,Oromia,18
2016,Oromia,10
2016,Oromia,0
2016,Southern Nations,3
2016,Oromia,12
2016,Oromia,1
2016,Southern Nations,0
2016,Oromia,0
2016,Addis Ababa,0
2016,Oromia,0
2016,Dire Dawa,0
2016,Addis Ababa,0
2016,Oromia,2
2016,Oromia,1
2016,Oromia,0
2016,Oromia,0
2016,Oromia,2
2016,Oromia,0
2016,Addis Ababa,0
2016,Southern Nations,0
2016,Oromia,0
2016,Southern Nations,0
2016,Oromia,0
2016,Oromia,1
2016,Oromia,0
2016,Gambela Peoples,0
2016,Oromia,1
2016,Oromia,0
2016,Oromia,1
2016,Oromia,0
2016,Somali,0
2016,Oromia,0
2016,Oromia,0
2016,Oromia,0
2016,Oromia,0
2016,Oromia,1
2016,Oromia,0
2016,Oromia,1
2016,Oromia,0
2016,Oromia,0
2016,Oromia,0
2016,Oromia,1
2016,Somali,5
2016,Oromia,0
2016,Oromia,0
2016,Oromia,0
2016,Oromia,2
2016,Oromia,0
2016,Oromia,1
2016,Oromia,15
2016,Oromia,0
2016,Oromia,0
2016,Oromia,0
2016,Oromia,0
2016,Oromia,0
2016,Oromia,3
2016,Amhara,0
2016,Oromia,0
2016,Oromia,0
2016,Amhara,0
2016,Oromia,1
2016,Oromia,3
2016,Oromia,0
2016,Oromia,0
2016,Oromia,3
2016,Oromia,3
2016,Oromia,0
2016,Oromia,0
2016,Oromia,0
2016,Oromia,0
2016,Oromia,0
2016,Oromia,0
2016,Oromia,0
2016,Oromia,0
2016,Oromia,0
2016,Oromia,0
2016,Oromia,3
2016,Oromia,0
2016,Oromia,0
2016,Oromia,0
2016,Addis Ababa,0
2016,Oromia,0
2016,Oromia,0
2016,Oromia,0
2016,Oromia,0
2016,Oromia,0
2016,Oromia,0
2016,Oromia,0
2016,Oromia,0
2016,Oromia,0
2016,Oromia,0
2016,Oromia,0
2016,Oromia,2
2016,Oromia,1
2016,Oromia,2
2016,Oromia,1
2016,Oromia,0
2016,Oromia,0
2016,Oromia,0
2016,Oromia,0
2016,Oromia,1
2016,Oromia,5
2016,Oromia,1
2016,Oromia,0
2016,Oromia,0
2016,Oromia,2
2016,Oromia,0
2016,Oromia,0
2016,Oromia,0
2016,Oromia,1
2016,Oromia,5
2016,Oromia,0
2016,Oromia,0
2016,Oromia,0
2016,Oromia,0
2016,Oromia,1
2016,Oromia,0
2016,Oromia,0
2016,Oromia,2
2016,Oromia,1
2016,Oromia,6
2016,Oromia,1
2016,Oromia,7
2016,Oromia,0
2016,Oromia,0
2016,Oromia,0
2016,Oromia,0
2016,Oromia,1
2016,Oromia,2
2016,Oromia,0
2016,Oromia,0
2016,Oromia,0
2016,Oromia,3
2016,Oromia,0
2016,Oromia,0
2016,Oromia,1
2016,Oromia,1
2016,Oromia,4
2016,Oromia,0
2016,Oromia,0
2016,Oromia,0
2016,Oromia,0
2016,Oromia,0
2016,Oromia,0
2016,Oromia,0
2016,Oromia,0
2016,Oromia,0
2016,Oromia,0
2016,Oromia,0
2016,Oromia,0
2016,Oromia,0
2016,Oromia,0
2016,Oromia,0
2016,Oromia,0
2016,Oromia,1
2016,Oromia,0
2016,Oromia,0
2016,Oromia,0
2016,Oromia,0
2016,Oromia,0
2016,Oromia,1
2016,Oromia,0
2016,Oromia,0
2016,Oromia,0
2016,Oromia,0
2016,Oromia,1
2016,Oromia,0
2016,Oromia,4
2016,Addis Ababa,0
2016,Addis Ababa,0
2016,Oromia,0
2016,Oromia,0
2016,Oromia,0
2016,Oromia,1
2016,Oromia,0
2016,Oromia,3
2016,Oromia,1
2016,Oromia,0
2016,Oromia,0
2016,Oromia,0
2016,Oromia,0
2016,Oromia,0
2016,Oromia,0
2016,Oromia,0
2016,Oromia,0
2016,Oromia,1
2016,Oromia,0
2016,Oromia,0
2016,Oromia,0
2016,Oromia,0
2016,Oromia,0
2016,Oromia,0
2016,Oromia,12
2016,Oromia,0
2016,Oromia,0
2016,Oromia,0
2016,Oromia,0
2016,Oromia,2
2016,Oromia,0
2016,Oromia,1
2016,Oromia,0
2016,Oromia,0
2016,Somali,5
2016,Oromia,1
2016,Oromia,0
2016,Addis Ababa,0
2016,Oromia,0
2016,Oromia,0
2016,Oromia,0
2016,Oromia,0
2016,Oromia,0
2016,Oromia,5
2016,Oromia,0
2016,Oromia,0
2016,Oromia,0
2016,Oromia,0
2016,Oromia,0
2016,Oromia,0
2016,Oromia,2
2016,Oromia,1
2016,Oromia,1
2016,Oromia,0
2016,Oromia,0
2016,Oromia,0
2016,Oromia,0
2016,Oromia,0
2016,Oromia,0
2016,Oromia,0
2016,Amhara,0
2016,Oromia,0
2016,Oromia,1
2016,Oromia,1
2016,Oromia,0
2016,Oromia,0
2016,Oromia,0
2016,Oromia,0
2016,Oromia,0
2016,Oromia,1
2016,Oromia,0
2016,Oromia,1
2016,Oromia,6
2016,Amhara,4
2016,Oromia,0
2016,Oromia,5
2016,Oromia,3
2016,Oromia,0
2016,Oromia,7
2016,Oromia,0
2016,Oromia,0
2016,Oromia,0
2016,Oromia,0
2016,Addis Ababa,0
2016,Oromia,4
2016,Oromia,0
2016,Oromia,0
2016,Oromia,0
2016,Oromia,0
2016,Oromia,0
2016,Oromia,0
2016,Oromia,0
2016,Oromia,0
2016,Oromia,0
2016,Oromia,0
2016,Oromia,0
2016,Oromia,0
2016,Oromia,0
2016,Oromia,0
2016,Oromia,0
2016,Oromia,0
2016,Oromia,0
2016,Oromia,0
2016,Oromia,0
2016,Oromia,0
2016,Oromia,1
2016,Oromia,2
2016,Oromia,0
2016,Southern Nations,1
2016,Oromia,0
2016,Oromia,0
2016,Oromia,0
2016,Oromia,0
2016,Oromia,1
2016,Oromia,1
2016,Oromia,0
2016,Oromia,0
2016,Oromia,0
2016,Oromia,0
2016,Oromia,0
2016,Oromia,0
2016,Oromia,5
2016,Gambela Peoples,6
2016,Oromia,11
2016,Oromia,1
2016,Gambela Peoples,14
2016,Oromia,0
2016,Oromia,0
2016,Oromia,0
2016,Oromia,0
2016,Oromia,3
2016,Oromia,0
2016,Gambela Peoples,7
2016,Oromia,0
2016,Oromia,0
2016,Oromia,0
2016,Oromia,0
2016,Oromia,1
2016,Oromia,0
2016,Oromia,0
2016,Oromia,1
2016,Oromia,0
2016,Oromia,1
2016,Oromia,8
2016,Oromia,0
2016,Oromia,1
2016,Oromia,1
2016,Oromia,0
2016,Oromia,0
2016,Oromia,0
2016,Oromia,0
2016,Southern Nations,1
2016,Oromia,1
2016,Oromia,1
2016,Oromia,0
2016,Oromia,0
2016,Oromia,0
2016,Oromia,5
2016,Oromia,0
2016,Oromia,0
2016,Oromia,0
2016,Addis Ababa,0
2016,Oromia,0
2016,Oromia,0
2016,Oromia,0
2016,Oromia,1
2016,Oromia,0
2016,Oromia,0
2016,Oromia,0
2016,Oromia,2
2016,Oromia,3
2016,Oromia,1
2016,Amhara,0
2016,Oromia,0
2016,Oromia,0
2016,Oromia,0
2016,Oromia,0
2016,Addis Ababa,0
2016,Oromia,0
2016,Oromia,0
2016,Oromia,0
2016,Oromia,0
2016,Oromia,2
2016,Oromia,0
2016,Dire Dawa,0
2016,Oromia,12
2016,Oromia,6
2016,Oromia,0
2016,Oromia,2
2016,Oromia,0
2016,Oromia,0
2016,Oromia,5
2016,Oromia,0
2016,Oromia,0
2016,Oromia,0
2016,Oromia,0
2016,Oromia,1
2016,Oromia,0
2016,Oromia,0
2016,Oromia,1
2016,Oromia,0
2016,Oromia,0
2016,Oromia,1
2016,Oromia,0
2016,Oromia,0
2016,Oromia,0
2016,Oromia,0
2016,Oromia,0
2016,Oromia,0
2016,Oromia,0
2016,Oromia,0
2016,Oromia,0
2016,Oromia,1
2016,Oromia,1
2016,Oromia,1
2016,Oromia,0
2016,Oromia,0
2016,Oromia,0
2016,Oromia,0
2016,Oromia,0
2016,Oromia,0
2016,Oromia,1
2016,Oromia,0
2016,Oromia,1
2016,Dire Dawa,0
2016,Oromia,0
2016,Oromia,1
2016,Dire Dawa,0
2016,Oromia,2
2016,Oromia,1
2016,Oromia,0
2016,Oromia,0
2016,Somali,4
2016,Oromia,0
2016,Oromia,0
2016,Oromia,1
2016,Oromia,0
2016,Oromia,0
2016,Oromia,2
2016,Oromia,3
2016,Oromia,0
2016,Oromia,0
2016,Amhara,0
2016,Oromia,0
2016,Oromia,0
2016,Oromia,1
2016,Oromia,1
2016,Oromia,0
2016,Tigray,0
2016,Oromia,0
2016,Somali,7
2016,Oromia,0
2016,Oromia,0
2016,Southern Nations,1
2016,Oromia,0
2016,Oromia,0
2016,Oromia,0
2016,Oromia,1
2016,Oromia,2
2016,Oromia,1
2016,Oromia,0
2016,Oromia,0
2016,Oromia,0
2016,Oromia,0
2016,Oromia,0
2016,Oromia,0
2016,Oromia,1
2016,Oromia,1
2016,Oromia,0
2016,Oromia,0
2016,Oromia,1
2016,Oromia,0
2016,Oromia,8
2016,Oromia,0
2016,Oromia,1
2016,Oromia,0
2016,Oromia,1
2016,Oromia,0
2016,Oromia,0
2016,Oromia,0
2016,Oromia,0
2016,Oromia,1
2016,Oromia,0
2016,Oromia,0
2016,Oromia,0
2016,Oromia,0
2016,Oromia,0
2016,Oromia,1
2016,Oromia,1
2016,Oromia,2
2016,Oromia,0
2016,Dire Dawa,0
2016,Oromia,0
2016,Oromia,0
2016,Oromia,0
2016,Oromia,0
2015,Addis Ababa,0
2015,Oromia,0
2015,Oromia,0
2015,Oromia,0
2015,Oromia,0
2015,Oromia,0
2015,Oromia,0
2015,Oromia,0
2015,Oromia,0
2015,Southern Nations,3
2015,Oromia,2
2015,Oromia,6
2015,Oromia,1
2015,Oromia,7
2015,Oromia,0
2015,Oromia,1
2015,Oromia,1
2015,Oromia,0
2015,Oromia,0
2015,Oromia,1
2015,Oromia,0
2015,Oromia,0
2015,Oromia,0
2015,Oromia,0
2015,Oromia,0
2015,Oromia,2
2015,Oromia,1
2015,Oromia,0
2015,Oromia,1
2015,Oromia,0
2015,Oromia,1
2015,Oromia,0
2015,Oromia,1
2015,Oromia,1
2015,Oromia,1
2015,Oromia,0
2015,Oromia,1
2015,Oromia,7
2015,Oromia,5
2015,Oromia,8
2015,Oromia,0
2015,Oromia,2
2015,Oromia,1
2015,Oromia,2
2015,Oromia,0
2015,Oromia,0
2015,Oromia,1
2015,Oromia,0
2015,Oromia,0
2015,Oromia,0
2015,Oromia,1
2015,Oromia,0
2015,Oromia,0
2015,Oromia,0
2015,Oromia,0
2015,Oromia,0
2015,Oromia,0
2015,Oromia,0
2015,Oromia,1
2015,Oromia,1
2015,Oromia,1
2015,Oromia,2
2015,Oromia,1
2015,Oromia,1
2015,Oromia,1
2015,Oromia,1
2015,Oromia,1
2015,Oromia,1
2015,Oromia,0
2015,Oromia,0
2015,Oromia,1
2015,Oromia,1
2015,Oromia,1
2015,Addis Ababa,0
2015,Oromia,1
2015,Oromia,2
2015,Oromia,1
2015,Oromia,1
2015,Oromia,1
2015,Oromia,1
2015,Oromia,4
2015,Oromia,2
2015,Oromia,3
2015,Oromia,1
2015,Oromia,0
2015,Oromia,0
2015,Oromia,0
2015,Oromia,0
2015,Oromia,0
2015,Oromia,1
2015,Oromia,1
2015,Oromia,2
2015,Oromia,0
2015,Oromia,0
2015,Oromia,1
2015,Oromia,0
2015,Oromia,0
2015,Oromia,0
2015,Oromia,0
2015,Oromia,1
2015,Oromia,5
2015,Oromia,1
2015,Oromia,3
2015,Oromia,0
2015,Oromia,0
2015,Oromia,0
2015,Oromia,0
2015,Oromia,0
2015,Oromia,0
2015,Oromia,1
2015,Oromia,1
2015,Oromia,3
2015,Oromia,0
2015,Oromia,0
2015,Oromia,0
2015,Oromia,0
2015,Oromia,0
2015,Oromia,0
2015,Oromia,0
2015,Oromia,5
2015,Oromia,0
2015,Oromia,0
2015,Oromia,0
2015,Oromia,0
2015,Oromia,0
2015,Oromia,0
2015,Oromia,0
2015,Oromia,0
2015,Oromia,1
2015,Oromia,5
2015,Oromia,5
2015,Oromia,1
2015,Oromia,1
2015,Oromia,0
2015,Oromia,9
2015,Oromia,0
2015,Oromia,1
2015,Oromia,0
2015,Oromia,0
2015,Oromia,0
2015,Oromia,0
2015,Oromia,1
2015,Southern Nations,5
2015,Oromia,6
2015,Oromia,2
2015,Oromia,7
2015,Somali,0
2015,Addis Ababa,0
2015,Oromia,1
2015,Oromia,2
2015,Oromia,8
2015,Oromia,0
2015,Oromia,0
2015,Oromia,0
2015,Oromia,0
2015,Oromia,0
2015,Oromia,0
2015,Oromia,3
2015,Oromia,0
2015,Oromia,2
2015,Oromia,0
2015,Oromia,0
2015,Oromia,0
2015,Oromia,0
2015,Oromia,0
2015,Oromia,0
2015,Oromia,0
2015,Oromia,0
2015,Oromia,0
2015,Oromia,0
2015,Oromia,0
2015,Oromia,0
2015,Oromia,0
2015,Oromia,0
2015,Oromia,6
2015,Oromia,0
2015,Amhara,1
2015,Oromia,2
2015,Oromia,0
2015,Oromia,0
2015,Oromia,0
2015,Oromia,7
2015,Oromia,0
2015,Oromia,0
2015,Oromia,0
2015,Oromia,0
2015,Oromia,0
2015,Oromia,0
2015,Oromia,0
2015,Oromia,1
2015,Oromia,2
2015,Oromia,2
2015,Oromia,3
2015,Oromia,1
2015,Oromia,0
2015,Oromia,0
2015,Oromia,0
2015,Oromia,0
2015,Oromia,0
2015,Oromia,0
2015,Oromia,0
2015,Oromia,0
2015,Oromia,0
2015,Oromia,5
2015,Oromia,2
2015,Oromia,0
2015,Oromia,0
2015,Oromia,0
2015,Oromia,0
2015,Oromia,0
2015,Oromia,0
2015,Oromia,0
2015,Oromia,0
2015,Oromia,0
2015,Oromia,0
2015,Oromia,0
2015,Oromia,0
2015,Oromia,0
2015,Oromia,0
2015,Oromia,0
2015,Oromia,0
2015,Oromia,0
2015,Oromia,0
2015,Oromia,0
2015,Oromia,0
2015,Oromia,0
2015,Oromia,0
2015,Oromia,0
2015,Oromia,0
2015,Oromia,2
2015,Oromia,0
2015,Oromia,0
2015,Oromia,0
2015,Oromia,0
2015,Oromia,0
2015,Oromia,0
2015,Oromia,0
2015,Oromia,0
2015,Oromia,0
2015,Oromia,0
2015,Oromia,2
2015,Oromia,0
2015,Oromia,0
2015,Oromia,0
2015,Oromia,0
2015,Oromia,0
2015,Southern Nations,0
2015,Oromia,0
2015,Oromia,0
2015,Addis Ababa,0
2015,Oromia,1
2015,Oromia,0
2015,Oromia,0
2015,Oromia,0
2015,Oromia,0
2015,Oromia,1
2015,Tigray,0
2015,Oromia,0
2015,Oromia,0
2015,Oromia,0
2015,Oromia,3
2015,Oromia,2
2015,Oromia,0
2015,Oromia,1
2015,Oromia,0
2015,Oromia,0
2015,Oromia,0
2015,Oromia,0
2015,Oromia,0
2015,Oromia,0
2015,Oromia,0
2015,Oromia,1
2015,Oromia,0
2015,Oromia,0
2015,Oromia,1
2015,Oromia,2
2015,Oromia,4
2015,Oromia,5
2015,Amhara,40
2015,Oromia,1
2015,Oromia,0
2015,Oromia,1
2015,Oromia,0
2015,Oromia,0
2015,Oromia,0
2015,Harari People,10
2015,Oromia,0
2015,Oromia,0
2015,Oromia,0
2015,Oromia,0
2015,Oromia,0
2015,Oromia,0
2015,Oromia,0
2015,Oromia,0
2015,Oromia,0
2015,Oromia,0
2015,Oromia,0
2015,Oromia,0
2015,Oromia,0
2015,Oromia,0
2015,Oromia,0
2015,Oromia,0
2015,Oromia,0
2015,Oromia,0
2015,Oromia,10
2015,Somali,15
2015,Somali,3
2015,Oromia,0
2015,Oromia,0
2015,Somali,4
2015,Somali,6
2015,Oromia,5
2015,Amhara,22
2015,Amhara,0
2015,Amhara,21
2015,Amhara,0
2015,Somali,10
2015,Amhara,21
2015,Amhara,0
2015,Oromia,3
2015,Oromia,4
2015,Oromia,1
2015,Somali,10
2015,Somali,4
2015,Somali,17
2015,Oromia,5
2015,Oromia,4
2015,Oromia,8
2015,Oromia,6
2015,Oromia,0
2015,Somali,10
2015,Somali,6
2015,Somali,10
2015,Tigray,0
2015,Somali,10
2015,Somali,6
2015,Oromia,3
2015,Oromia,0
2015,Somali,10
2015,Somali,10
2015,Somali,4
2015,Somali,7
2015,Somali,6
2015,Addis Ababa,0
2015,Oromia,9
2015,Oromia,5
2015,Oromia,6
2015,Somali,4
2015,Somali,8
2015,Somali,4
2015,Oromia,0
2015,Oromia,3
2015,Somali,4
2015,Somali,4
2015,Oromia,3
2015,Somali,3
2015,Somali,10
2015,Somali,10
2015,Oromia,4
2015,Oromia,0
2015,Somali,19
2015,Somali,4
2015,Somali,14
2015,Somali,8
2015,Addis Ababa,0
2015,Oromia,13
2015,Tigray,30
2015,Tigray,50
2015,Addis Ababa,0
2015,Afar,0
2015,Tigray,0
2015,Addis Ababa,0
2015,Southern Nations,1
2015,Amhara,1
2015,Oromia,1
2015,Southern Nations,48
2015,Addis Ababa,0
2015,Addis Ababa,0
2014,Amhara,3
2014,Addis Ababa,0
2014,Addis Ababa,0
2014,Addis Ababa,0
2014,Oromia,1
2014,Addis Ababa,0
2014,Oromia,3
2014,Gambela Peoples,7
2014,Gambela Peoples,4
2014,Gambela Peoples,3
2014,Oromia,5
2014,Oromia,0
2014,Oromia,0
2014,Amhara,0
2014,Addis Ababa,0
2014,Gambela Peoples,0
2014,Addis Ababa,0
2014,Gambela Peoples,17
2014,Addis Ababa,0
2014,Oromia,3
2014,Oromia,2
2014,Addis Ababa,0
2014,Oromia,2
2014,Oromia,0
2014,Somali,10
2014,Oromia,0
2014,Somali,13
2014,Somali,5
2014,Somali,5
2014,Somali,5
2014,Somali,5
2014,Somali,5
2014,Somali,5
2014,Somali,5
2014,Somali,15
2014,Somali,50
2014,Somali,50
2014,Somali,0
2014,Oromia,1
2014,Oromia,5
2014,Southern Nations,0
2014,Oromia,0
2014,Oromia,0
2014,Oromia,0
2014,Oromia,0
2014,Oromia,0
2014,Oromia,0
2014,Oromia,0
2014,Benshangul-Gumaz,3
2014,Oromia,0
2014,Addis Ababa,0
2014,Benshangul-Gumaz,9
2014,Oromia,0
2014,Oromia,0
2014,Oromia,0
2014,Oromia,1
2014,Oromia,0
2014,Oromia,0
2014,Oromia,0
2014,Oromia,0
2014,Oromia,0
2014,Oromia,0
2014,Oromia,0
2014,Oromia,0
2014,Oromia,0
2014,Oromia,0
2014,Oromia,0
2014,Oromia,0
2014,Oromia,0
2014,Oromia,0
2014,Addis Ababa,0
2014,Oromia,0
2014,Oromia,0
2014,Oromia,0
2014,Oromia,0
2014,Oromia,0
2014,Oromia,8
2014,Oromia,0
2014,Dire Dawa,0
2014,Oromia,0
2014,Oromia,2
2014,Oromia,1
2014,Addis Ababa,0
2014,Oromia,10
2014,Oromia,6
2014,Oromia,0
2014,Oromia,1
2014,Oromia,0
2014,Oromia,0
2014,Oromia,0
2014,Oromia,0
2014,Oromia,0
2014,Oromia,0
2014,Oromia,0
2014,Oromia,0
2014,Oromia,5
2014,Oromia,2
2014,Oromia,0
2014,Oromia,0
2014,Oromia,0
2014,Oromia,0
2014,Benshangul-Gumaz,9
2014,Oromia,0
2014,Oromia,0
2014,Oromia,0
2014,Oromia,0
2014,Oromia,0
2014,Oromia,0
2014,Oromia,0
2014,Oromia,0
2014,Oromia,1
2014,Oromia,1
2014,Oromia,2
2014,Oromia,1
2014,Oromia,1
2014,Oromia,0
2014,Oromia,0
2014,Oromia,3
2014,Oromia,9
2014,Oromia,0
2014,Oromia,2
2014,Oromia,3
2014,Oromia,4
2014,Somali,1
2014,Somali,2
2014,Somali,5
2014,Somali,6
2014,Addis Ababa,0
2014,Somali,0
2014,Somali,4
2014,Somali,1
2014,Somali,3
2013,Oromia,10
2013,Somali,4
2013,Somali,5
2013,Somali,11
2013,Somali,8
2013,Oromia,0
2013,Oromia,6
2013,Oromia,0
2013,Somali,5
2013,Somali,7
2013,Somali,8
2013,Somali,8
2013,Somali,7
2013,Somali,7
2013,Somali,8
2013,Oromia,0
2013,Somali,6
2013,Oromia,0
2013,Somali,0
2013,Tigray,12
2013,Oromia,1
2013,Oromia,1
2013,Oromia,4
2013,Amhara,4
2013,Oromia,2
2013,Oromia,2
2013,Afar,2
2013,Somali,5
2013,Addis Ababa,0
2013,Amhara,2
2013,Somali,12
2013,Harari People,7
2013,Harari People,1
2013,Oromia,1
2013,Oromia,4
2013,Addis Ababa,0
2013,Somali,4
2013,Somali,2
2013,Amhara,13
2013,Somali,0
2013,Somali,0
2013,Gambela Peoples,0
2013,Oromia,4
2013,Oromia,2
2013,Somali,3
2013,Addis Ababa,2
2013,Oromia,1
2013,Tigray,0
2013,Tigray,0
2013,Tigray,0
2013,Tigray,0
2013,Tigray,0
2013,Tigray,1
2013,Oromia,2
2013,Somali,7
2013,Addis Ababa,0
2013,Oromia,1
2013,Addis Ababa,0
2013,Southern Nations,1
2013,Addis Ababa,0
2013,Addis Ababa,0
2013,Oromia,0
2013,Addis Ababa,0
2013,Oromia,3
2013,Addis Ababa,0
2013,Addis Ababa,0
2013,Addis Ababa,0
2013,Oromia,1
2013,Addis Ababa,0
2013,Oromia,26
2013,Addis Ababa,1
2013,Oromia,0
2013,Addis Ababa,2
2013,Amhara,0
2013,Amhara,0
2013,Addis Ababa,0
2013,Oromia,7
2013,Somali,1
2013,Somali,10
2013,Oromia,3
2013,Somali,3
2013,Somali,9
2013,Somali,2
2013,Somali,3
2013,Oromia,10
2013,Oromia,1
2013,Addis Ababa,0
2013,Afar,9
2013,Amhara,10
2013,Afar,4
2013,Southern Nations,0
2013,Oromia,10
2013,Somali,0
2013,Amhara,0
2013,Amhara,0
2013,Somali,0
2013,Amhara,4
2013,Oromia,17
2013,Somali,5
2013,Amhara,1
2013,Oromia,4
2013,Addis Ababa,0
2013,Oromia,1
2013,Addis Ababa,0
2013,Afar,0
2013,Oromia,7
2013,Oromia,1
2013,Amhara,14
2013,Amhara,12
2013,Amhara,5
2013,Oromia,1
2013,Oromia,7
2013,Oromia,1
2013,Oromia,7
2013,Oromia,1
2013,Oromia,0
2013,Oromia,3
2013,Oromia,0
2013,Oromia,3
2013,Addis Ababa,0
2013,Addis Ababa,23
2013,Addis Ababa,0
2013,Gambela Peoples,1
2013,Gambela Peoples,6
2013,Gambela Peoples,0
2013,Amhara,9
2013,Amhara,8
2013,Amhara,8
2013,Oromia,4
2013,Oromia,0
2013,Tigray,0
2013,Gambela Peoples,6
2013,Somali,25
2013,Tigray,0
2013,Amhara,24
2013,Amhara,13
2013,Somali,25
2013,Addis Ababa,0
2013,Amhara,20
2013,Addis Ababa,0
2013,Dire Dawa,0
2012,Dire Dawa,0
2012,Oromia,4
2012,Oromia,6
2012,Dire Dawa,0
2012,Dire Dawa,0
2012,Amhara,2
2012,Dire Dawa,0
2012,Oromia,11
2012,Oromia,3
2012,Oromia,0
2012,Oromia,3
2012,Oromia,1
2012,Oromia,0
2012,Somali,7
2012,Amhara,17
2012,Oromia,1
2012,Somali,1
2012,Somali,13
2012,Somali,2
2012,Somali,9
2012,Oromia,2
2012,Somali,2
2012,Somali,6
2012,Somali,3
2012,Somali,5
2012,Somali,2
2012,Amhara,8
2012,Somali,2
2012,Somali,3
2012,Somali,1
2012,Amhara,2
2012,Oromia,6
2012,Somali,3
2012,Somali,40
2012,Somali,10
2012,Somali,18
2012,Amhara,16
2012,Somali,12
2012,Addis Ababa,0
2012,Somali,8
2012,Oromia,1
2012,Addis Ababa,0
2012,Somali,8
2012,Addis Ababa,0
2012,Oromia,25
2012,Oromia,1
2012,Southern Nations,6
2012,Oromia,3
2012,Addis Ababa,0
2012,Addis Ababa,0
2012,Tigray,14
2012,Amhara,0
2012,Somali,0
2012,Addis Ababa,0
2012,Somali,5
2012,Amhara,4
2012,Addis Ababa,0
2012,Southern Nations,17
2012,Somali,0
2012,Somali,0
2012,Addis Ababa,0
2012,Somali,0
2012,Somali,0
2012,Addis Ababa,0
2012,Afar,0
2012,Somali,0
2012,Somali,55
2012,Somali,0
2012,Somali,2
2012,Somali,14
2012,Oromia,1
2012,Addis Ababa,0
2012,Oromia,16
2012,Gambela Peoples,0
2012,Oromia,5
2012,Oromia,5
2012,Addis Ababa,0
2012,Oromia,4
2012,Oromia,4
2012,Southern Nations,0
2012,Addis Ababa,0
2012,Addis Ababa,0
2012,Addis Ababa,0
2012,Southern Nations,0
2012,Amhara,0
2012,Southern Nations,0
2012,Oromia,1
2012,Oromia,1
2012,Oromia,0
2012,Addis Ababa,0
2012,Oromia,0
2012,Addis Ababa,0
2012,Addis Ababa,0
2012,Oromia,6
2012,Addis Ababa,0
2012,Oromia,0
2012,Addis Ababa,0
2012,Addis Ababa,0
2012,Amhara,0
2012,Oromia,9
2012,Somali,21
2012,Gambela Peoples,0
2012,Oromia,9
2012,Oromia,0
2012,Oromia,4
2012,Afar,3
2012,Amhara,0
2012,Somali,1
2012,Somali,0
2012,Somali,0
2012,Somali,0
2012,Addis Ababa,2
2012,Oromia,7
2012,Somali,50
2012,Somali,19
2012,Somali,98
2012,Somali,18
2012,Addis Ababa,1
2012,Southern Nations,65
2012,Amhara,0
2012,Amhara,0
2012,Amhara,0
2012,Amhara,0
2012,Gambela Peoples,0
2012,Addis Ababa,0
2012,Gambela Peoples,5
2012,Gambela Peoples,0
2012,Gambela Peoples,10
2012,Amhara,0
2012,Oromia,0
2012,Somali,0
2012,Somali,12
2012,Afar,0
2012,Somali,1
2012,Somali,0
2012,Gambela Peoples,0
2012,Somali,0
2012,Somali,3
2012,Amhara,0
2012,Somali,1
2012,Somali,1
2012,Oromia,2
2012,Somali,12
2012,Addis Ababa,22
2012,Somali,0
2012,Somali,7
2012,Somali,1
2012,Gambela Peoples,19
2012,Oromia,0
2012,Somali,0
2012,Somali,5
2012,Somali,5
2012,Somali,30
2012,Somali,5
2012,Somali,1
2012,Southern Nations,1
2012,Afar,5
2012,Southern Nations,3
2012,Southern Nations,0
2012,Southern Nations,0
2011,Oromia,6
2011,Somali,0
2011,Somali,7
2011,Oromia,7
2011,Somali,9
2011,Somali,7
2011,Amhara,5
2011,Oromia,7
2011,Somali,12
2011,Somali,1
2011,Somali,0
2011,Somali,85
2011,Oromia,22
2011,Oromia,0
2011,Oromia,0
2011,Somali,0
2011,Somali,2
2011,Oromia,7
2011,Somali,0
2011,Somali,30
2011,Somali,1
2011,Somali,30
2011,Somali,2
2011,Somali,0
2011,Addis Ababa,4
2011,Addis Ababa,0
2011,Oromia,5
2011,Somali,3
2011,Somali,4
2011,Somali,4
2011,Somali,4
2011,Southern Nations,6
2011,Oromia,6
2011,Somali,7
2011,Oromia,5
2011,Somali,10
2011,Somali,0
2011,Somali,4
2011,Oromia,5
2011,Somali,5
2011,Somali,3
2011,Oromia,3
2011,Somali,0
2011,Oromia,2
2011,Somali,2
2011,Somali,0
2011,Oromia,0
2011,Somali,0
2011,Somali,0
2011,Somali,0
2011,Somali,0
2011,Somali,0
2011,Addis Ababa,0
2011,Somali,0
2011,Somali,15
2011,Southern Nations,0
2011,Southern Nations,0
2011,Addis Ababa,0
2011,Somali,100
2011,Oromia,13
2011,Dire Dawa,1
2011,Southern Nations,14
2011,Oromia,1
2011,Southern Nations,2
2011,Southern Nations,0
2011,Southern Nations,0
2011,Addis Ababa,0
2011,Somali,0
2011,Addis Ababa,0
2011,Dire Dawa,0
2011,Oromia,14
2011,Oromia,6
2011,Afar,49
2011,Somali,0
2011,Oromia,30
2011,Somali,1
2011,Somali,5
2011,Afar,45
2011,Afar,11
2011,Oromia,21
2011,Somali,0
2011,Southern Nations,5
2011,Gambela Peoples,0
2010,Oromia,3
2010,Oromia,3
2010,Oromia,7
2010,Somali,0
2010,Somali,3
2010,Oromia,14
2010,Addis Ababa,0
2010,Oromia,5
2010,Somali,35
2010,Somali,0
2010,Somali,0
2010,Somali,0
2010,Oromia,0
2010,Gambela Peoples,5
2010,Gambela Peoples,2
2010,Oromia,31
2010,Oromia,3
2010,Oromia,19
2010,Somali,30
2010,Oromia,25
2010,Oromia,13
2010,Oromia,11
2010,Somali,4
2010,Addis Ababa,0
2010,Somali,3
2010,Somali,0
2010,Oromia,0
2010,Addis Ababa,0
2010,Somali,30
2010,Somali,0
2010,Somali,30
2010,Somali,30
2010,Somali,30
2010,Somali,0
2010,Somali,30
2010,Somali,31
2010,Somali,0
2010,Somali,0
2010,Somali,38
2010,Somali,37
2010,Somali,38
2010,Somali,37
2010,Somali,24
2010,Somali,11
2010,Oromia,11
2010,Somali,11
2010,Somali,11
2010,Somali,0
2010,Somali,0
2010,Somali,0
2010,Somali,0
2010,Somali,0
2010,Addis Ababa,0
2010,Somali,10
2010,Oromia,3
2010,Oromia,3
2010,Somali,11
2010,Oromia,11
2010,Somali,11
2010,Somali,11
2010,Oromia,0
2010,Oromia,0
2010,Harari People,19
2010,Somali,7
2010,Somali,5
2010,Somali,20
2010,Oromia,8
2010,Somali,15
2010,Somali,2
2010,Oromia,0
2010,Oromia,1
2010,Somali,4
2010,Somali,7
2010,Oromia,3
2010,Somali,7
2010,Somali,11
2010,Harari People,1
2010,Somali,11
2010,Addis Ababa,0
2010,Somali,0
2010,Somali,5
2010,Somali,3
2010,Somali,0
2010,Somali,5
2010,Somali,1
2010,Somali,2
2010,Somali,4
2010,Oromia,12
2010,Somali,12
2010,Amhara,16
2010,Addis Ababa,0
2010,Somali,0
2010,Addis Ababa,0
2010,Somali,0
2010,Tigray,0
2010,Oromia,12
2010,Somali,0
2010,Somali,0
2010,Oromia,0
2010,Tigray,0
2010,Amhara,0
2010,Somali,59
2010,Tigray,0
2010,Somali,71
2010,Somali,94
2010,Somali,18
2010,Oromia,1
2010,Oromia,2
2010,Addis Ababa,0
2010,Oromia,1
2010,Tigray,5
2010,Somali,11
2010,Oromia,20
2010,Somali,8
2010,Somali,34
2010,Somali,34
2010,Somali,34
2010,Somali,34
2010,Somali,34
2010,Somali,34
2010,Somali,0
2010,Somali,0
2010,Somali,35
2010,Somali,0
2010,Somali,0
2010,Amhara,0
2010,Somali,2
2010,Somali,5
2010,Somali,30
2010,Addis Ababa,1
2010,Somali,2
2010,Somali,0
2010,Somali,1
2010,Somali,1
2010,Somali,0
2010,Somali,0
2010,Somali,9
2010,Somali,0
2010,Somali,0
2010,Somali,5
2010,Oromia,0
2010,Somali,0
2010,Somali,0
2010,Somali,0
2010,Somali,0
2010,Somali,0
2010,Somali,3
2010,Amhara,7
2010,Somali,4
2010,Somali,4
2010,Somali,5
2010,Somali,0
2010,Tigray,1
2010,Somali,0
2010,Somali,0
2010,Afar,17
2010,Somali,0
2010,Somali,0
2010,Somali,0
2010,Somali,0
2010,Somali,0
2010,Somali,0
2010,Somali,0
2010,Somali,0
2010,Somali,0
2010,Somali,0
2010,Somali,0
2010,Somali,0
2010,Somali,0
2010,Gambela Peoples,5
2010,Somali,0
2010,Somali,0
2010,Somali,0
2010,Oromia,0
2010,Amhara,21
2010,Dire Dawa,1
2010,Dire Dawa,0
2010,Somali,2
2010,Somali,0
2010,Somali,3
2010,Dire Dawa,5
2010,Oromia,13
2010,Somali,0
2010,Somali,21
2010,Oromia,0
2010,Oromia,3
2010,Southern Nations,0
2010,Southern Nations,0
2010,Somali,0
2010,Tigray,10
2010,Tigray,10
2009,Somali,1
2009,Somali,10
2009,Somali,0
2009,Somali,0
2009,Somali,0
2009,Somali,0
2009,Somali,80
2009,Somali,3
2009,Somali,80
2009,Somali,320
2009,Somali,81
2009,Somali,80
2009,Oromia,5
2009,Somali,22
2009,Somali,57
2009,Oromia,4
2009,Somali,10
2009,Oromia,20
2009,Oromia,7
2009,Somali,15
2009,Addis Ababa,0
2009,Oromia,50
2009,Somali,10
2009,Somali,15
2009,Oromia,5
2009,Amhara,8
2009,Oromia,7
2009,Somali,25
2009,Somali,9
2009,Somali,0
2009,Somali,18
2009,Somali,0
2009,Oromia,10
2009,Somali,0
2009,Amhara,3
2009,Somali,7
2009,Somali,6
2009,Somali,7
2009,Harari People,17
2009,Somali,2
2009,Somali,0
2009,Somali,4
2009,Somali,7
2009,Somali,4
2009,Somali,2
2009,Oromia,4
2009,Somali,2
2009,Oromia,0
2009,Oromia,2
2009,Oromia,4
2009,Oromia,2
2009,Oromia,11
2009,Harari People,3
2009,Somali,10
2009,Somali,16
2009,Somali,1
2009,Amhara,2
2009,Oromia,3
2009,Oromia,5
2009,Oromia,0
2009,Oromia,0
2009,Dire Dawa,0
2009,Somali,0
2009,Somali,50
2009,Somali,2
2009,Oromia,11
2009,Somali,6
2009,Somali,2
2009,Amhara,2
2009,Somali,10
2009,Somali,2
2009,Oromia,0
2009,Somali,6
2009,Somali,57
2009,Somali,57
2009,Somali,57
2009,Southern Nations,0
2009,Somali,0
2009,Amhara,0
2009,Amhara,0
2009,Southern Nations,100
2009,Oromia,21
2009,Tigray,29
2009,Addis Ababa,0
2009,Addis Ababa,0
2009,Tigray,120
2009,Somali,0
2009,Somali,0
2009,Somali,25
2009,Somali,25
2009,Somali,24
2009,Somali,0
2009,Somali,33
2009,Somali,33
2009,Somali,33
2009,Somali,33
2009,Somali,34
2009,Somali,1
2009,Somali,13
2009,Somali,0
2008,Oromia,0
2008,Oromia,20
2008,Somali,0
2008,Somali,0
2008,Somali,0
2008,Somali,0
2008,Somali,0
2008,Somali,0
2008,Somali,0
2008,Somali,3
2008,Somali,3
2008,Somali,3
2008,Somali,3
2008,Gambela Peoples,0
2008,Afar,0
2008,Southern Nations,13
2008,Addis Ababa,0
2008,Somali,0
2008,Somali,0
2008,Somali,3
2008,Oromia,0
2008,Oromia,0
2008,Oromia,0
2008,Oromia,16
2008,Amhara,15
2008,Oromia,0
2008,Oromia,0
2008,Amhara,0
2008,Somali,0
2008,Somali,0
2008,Somali,0
2008,Amhara,0
2008,Addis Ababa,0
2008,Amhara,0
2008,Amhara,0
2008,Somali,0
2008,Somali,0
2008,Somali,0
2008,Oromia,0
2008,Amhara,26
2008,Amhara,26
2008,Amhara,26
2008,Amhara,26
2008,Oromia,0
2008,Amhara,26
2008,Amhara,26
2008,Amhara,26
2008,Amhara,26
2008,Amhara,26
2008,Amhara,26
2008,Amhara,26
2008,Addis Ababa,0
2008,Amhara,0
2008,Oromia,26
2008,Afar,0
2008,Amhara,26
2008,Oromia,0
2008,Amhara,26
2008,Oromia,0
2008,Amhara,27
2008,Oromia,0
2008,Somali,0
2008,Somali,0
2008,Somali,0
2008,Somali,0
2008,Somali,0
2008,Addis Ababa,0
2008,Somali,0
2008,Somali,0
2008,Addis Ababa,0
2008,Southern Nations,23
2008,Southern Nations,9
2008,Southern Nations,0
2008,Southern Nations,0
2008,Southern Nations,0
2008,Southern Nations,0
2008,Southern Nations,9
2008,Southern Nations,0
2008,Southern Nations,0
2008,Amhara,1
2008,Amhara,0
2008,Amhara,0
2008,Oromia,0
2008,Amhara,0
2008,Tigray,0
2008,Amhara,0
2008,Amhara,15
2008,Amhara,15
2008,Amhara,15
2008,Amhara,15
2008,Amhara,15
2008,Somali,1
2008,Amhara,15
2008,Somali,1
2008,Somali,0
2008,Somali,1
2008,Somali,3
2008,Somali,3
2008,Somali,3
2008,Somali,3
2008,Somali,3
2008,Somali,3
2008,Somali,3
2008,Somali,3
2008,Somali,3
2008,Somali,3
2008,Somali,4
2008,Somali,0
2008,Somali,0
2008,Somali,0
2008,Oromia,0
2008,Oromia,0
2008,Somali,0
2007,Oromia,53
2007,Oromia,53
2007,Oromia,53
2007,Oromia,54
2007,Addis Ababa,0
2007,Somali,0
2007,Somali,33
2007,Somali,34
2007,Somali,33
2007,Somali,67
2007,Somali,67
2007,Somali,67
2007,Somali,0
2007,Somali,68
2007,Somali,13
2007,Somali,140
2007,Addis Ababa,0
2007,Somali,0
2007,Somali,22
2007,Somali,22
2007,Somali,22
2007,Somali,22
2007,Somali,57
2007,Somali,22
2007,Somali,22
2007,Somali,22
2007,Somali,22
2007,Somali,22
2007,Somali,0
2007,Somali,22
2007,Somali,23
2007,Somali,0
2007,Somali,0
2007,Somali,43
2007,Somali,247
2007,Oromia,0
2007,Somali,0
2007,Somali,0
2007,Somali,1
2007,Oromia,0
2007,Somali,4
2007,Somali,0
2007,Oromia,74
2007,Oromia,19
2006,Somali,2
2006,Somali,0
2006,Addis Ababa,0
2006,Somali,0
2006,Addis Ababa,0
2006,Oromia,3
2006,Oromia,0
2006,Oromia,9
2006,Amhara,0
2006,Oromia,19
2006,Oromia,0
2006,Oromia,0
2006,Oromia,0
2006,Amhara,0
2006,Oromia,0
2006,Oromia,0
2006,Oromia,2
2006,Addis Ababa,0
2006,Southern Nations,0
2006,Oromia,0
2006,Somali,0
2006,Somali,5
2006,Somali,0
2006,Somali,0
2006,Addis Ababa,0
2006,Somali,0
2006,Amhara,29
2006,Amhara,12
2006,Amhara,150
2006,Oromia,0
2006,Oromia,1
2006,Somali,0
2006,Addis Ababa,0
2006,Somali,0
2006,Somali,0
2006,Somali,0
2006,Oromia,0
2006,Somali,0
2006,Somali,0
2006,Somali,0
2006,Oromia,21
2006,Oromia,21
2006,Addis Ababa,0
2006,Amhara,0
2006,Oromia,0
2006,Amhara,0
2006,Amhara,0
2006,Amhara,0
2006,Amhara,0
2006,Amhara,0
2006,Amhara,0
2006,Oromia,0
2006,Oromia,0
2006,Oromia,0
2006,Amhara,0
2006,Oromia,1
2006,Amhara,1
2006,Oromia,1
2006,Amhara,0
2006,Amhara,0
2006,Amhara,0
2006,Addis Ababa,0
2006,Addis Ababa,0
2006,Addis Ababa,0
2006,Addis Ababa,0
2006,Addis Ababa,0
2006,Addis Ababa,0
2006,Addis Ababa,0
2006,Addis Ababa,0
2006,Amhara,0
2006,Oromia,0
2006,Oromia,0
2006,Oromia,0
2006,Amhara,0
2006,Amhara,0
2006,Addis Ababa,0
2006,Addis Ababa,0
2006,Addis Ababa,1
2006,Amhara,11
2006,Somali,0
2006,Addis Ababa,0
2006,Addis Ababa,0
2006,Addis Ababa,1
2006,Addis Ababa,0
2006,Addis Ababa,0
2006,Addis Ababa,1
2006,Tigray,75
2006,Addis Ababa,0
2006,Addis Ababa,0
2005,Addis Ababa,0
2005,Addis Ababa,0
2005,Addis Ababa,0
2005,Addis Ababa,0
2005,Addis Ababa,0
2005,Amhara,5
2005,Addis Ababa,0
2005,Amhara,0
2005,Oromia,0
2005,Somali,0
2005,Amhara,0
2005,Oromia,0
2005,Somali,0
2005,Somali,0
2005,Oromia,3
2005,Somali,36
2005,Oromia,0
2005,Oromia,2
2005,Amhara,0
2005,Amhara,0
2005,Amhara,0
2005,Amhara,4
2005,Harari People,0
2005,Addis Ababa,0
2005,Addis Ababa,3
2005,Southern Nations,0
2005,Southern Nations,8
2005,Southern Nations,0
2005,Amhara,0
2005,Dire Dawa,0
2005,Amhara,0
2005,Addis Ababa,0
2005,Addis Ababa,33
2005,Addis Ababa,0
2005,Addis Ababa,8
2005,Gambela Peoples,4
2005,Gambela Peoples,4
2005,Somali,0
2005,Somali,43
2005,Somali,50
2005,Somali,21
2005,Oromia,0
2005,Somali,6
2005,Oromia,0
2005,Somali,34
2005,Somali,61
2005,Somali,11
2005,Oromia,0
2005,Oromia,0
2005,Oromia,0
2005,Oromia,0
2005,Somali,0
2005,Somali,0
2005,Somali,5
2005,Somali,3
2005,Somali,4
2005,Somali,2
2005,Somali,9
2005,Somali,40
2005,Oromia,0
2005,Oromia,0
2005,Somali,7
2005,Somali,1
2005,Oromia,10
2005,Oromia,4
2005,Oromia,3
2005,Somali,1
2005,Somali,0
2005,Somali,8
2005,Somali,1
2005,Oromia,15
2005,Somali,6
2005,Somali,2
2005,Somali,5
2005,Oromia,15
2005,Oromia,5
2005,Somali,6
2005,Oromia,15
2005,Somali,7
2005,Somali,62
2005,Oromia,1
2005,Somali,60
2005,Somali,0
2005,Addis Ababa,0
2005,Addis Ababa,22
2005,Somali,15
2005,Addis Ababa,0
2005,Southern Nations,0
2005,Addis Ababa,0
2005,Somali,7
2005,Addis Ababa,1
2005,Addis Ababa,0
2005,Somali,6
2005,Somali,40
2005,Oromia,15
2005,Oromia,1
2005,Amhara,12
2005,Somali,9
2005,Somali,8
2005,Somali,8
2005,Somali,8
2005,Somali,0
2005,Somali,8
2005,Somali,0
2005,Somali,30
2005,Addis Ababa,1
2005,Oromia,1
2005,Somali,1
2005,Oromia,1
2005,Somali,0
2005,Somali,21
2005,Somali,0
2005,Oromia,400
2005,Addis Ababa,0
2005,Oromia,0
2005,Oromia,4
2005,Oromia,1
2005,Oromia,0
2005,Oromia,6
2005,Afar,2
2005,Amhara,5
2005,Somali,0
2005,Somali,0
2005,Somali,5
2005,Somali,4
2005,Tigray,0
2005,Somali,8
2004,Somali,4
2004,Tigray,3
2004,Oromia,4
2004,Oromia,11
2004,Somali,40
2004,Oromia,10
2004,Oromia,20
2004,Oromia,15
2004,Oromia,6
2004,Oromia,6
2004,Somali,0
2004,Oromia,8
2004,Somali,7
2004,Somali,5
2004,Somali,2
2004,Gambela Peoples,2
2004,Oromia,2
2004,Oromia,10
2004,Somali,8
2004,Somali,6
2004,Oromia,21
2004,Somali,5
2004,Somali,17
2004,Somali,27
2004,Somali,5
2004,Oromia,9
2004,Somali,80
2004,Somali,2
2004,Somali,3
2004,Somali,50
2004,Somali,4
2004,Somali,2
2004,Oromia,3
2004,Somali,5
2004,Somali,4
2004,Somali,1
2004,Oromia,5
2004,Oromia,9
2004,Oromia,5
2004,Oromia,9
2004,Amhara,0
2004,Oromia,0
2004,Somali,3
2004,Somali,35
2004,Somali,7
2004,Somali,10
2004,Somali,4
2004,Tigray,15
2004,Oromia,0
2004,Tigray,7
2004,Oromia,12
2004,Amhara,0
2004,Tigray,140
2004,Oromia,6
2004,Tigray,4
2004,Oromia,0
2004,Somali,4
2004,Somali,5
2004,Oromia,6
2004,Amhara,4
2004,Somali,3
2004,Somali,3
2004,Oromia,5
2004,Oromia,5
2004,Oromia,1
2004,Somali,0
2004,Somali,7
2004,Somali,3
2004,Somali,6
2004,Somali,5
2004,Oromia,1
2004,Addis Ababa,0
2004,Somali,5
2004,Somali,3
2004,Somali,11
2004,Somali,11
2004,Somali,0
2004,Somali,0
2004,Oromia,0
2004,Tigray,28
2004,Oromia,20
2004,Oromia,7
2004,Somali,15
2004,Somali,0
2004,Somali,0
2004,Somali,4
2004,Somali,8
2004,Somali,4
2004,Amhara,10
2004,Somali,2
2004,Amhara,0
2004,Somali,8
2004,Somali,0
2004,Somali,0
2004,Somali,0
2004,Oromia,0
2004,Oromia,0
2004,Oromia,0
2004,Oromia,0
2004,Oromia,0
2004,Oromia,0
2004,Oromia,0
2004,Oromia,0
2004,Oromia,0
2004,Oromia,0
2004,Oromia,0
2004,Oromia,2
2004,Oromia,3
2004,Oromia,20
2004,Somali,4
2004,Amhara,0
2004,Somali,4
2004,Somali,7
2004,Somali,4
2004,Somali,1
2004,Somali,5
2004,Southern Nations,0
2004,Somali,3
2004,Somali,4
2004,Somali,0
2004,Southern Nations,50
2004,Somali,4
2004,Southern Nations,0
2004,Oromia,18
2003,Gambela Peoples,50
2003,Somali,6
2003,Gambela Peoples,50
2003,Gambela Peoples,6
2003,Gambela Peoples,3
2003,Somali,3
2003,Somali,4
2003,Gambela Peoples,2
2003,Gambela Peoples,0
2003,Gambela Peoples,2
2003,Oromia,55
2003,Oromia,0
2003,Oromia,14
2003,Oromia,0
2003,Oromia,0
2003,Oromia,0
2003,Oromia,0
2003,Oromia,0
2003,Oromia,0
2003,Somali,30
2003,Somali,9
2003,Oromia,0
2003,Oromia,15
2003,Somali,8
2003,Somali,0
2003,Somali,0
2003,Oromia,9
2003,Somali,4
2003,Somali,4
2003,Oromia,3
2003,Somali,3
2003,Somali,3
2003,Somali,2
2003,Somali,2
2003,Somali,5
2003,Oromia,1
2003,Oromia,18
2003,Oromia,0
2003,Oromia,0
2003,Oromia,2
2003,Somali,4
2003,Somali,3
2003,Somali,10
2003,Oromia,2
2003,Oromia,0
2003,Oromia,5
2003,Oromia,3
2003,Somali,3
2003,Somali,1
2003,Somali,1
2003,Southern Nations,5
2003,Somali,3
2003,Somali,2
2003,Somali,2
2003,Somali,8
2003,Tigray,1
2003,Dire Dawa,2
2003,Somali,1
2003,Somali,12
2003,Oromia,7
2003,Somali,3
2003,Somali,1
2003,Somali,14
2003,Oromia,8
2003,Somali,2
2003,Somali,3
2003,Somali,4
2003,Tigray,6
2003,Addis Ababa,2
2003,Somali,9
2003,Somali,3
2003,Oromia,3
2003,Addis Ababa,0
2003,Somali,17
2003,Somali,5
2003,Oromia,0
2003,Benshangul-Gumaz,0
2003,Benshangul-Gumaz,0
2003,Oromia,0
2003,Somali,22
2003,Oromia,17
2003,Oromia,8
2003,Oromia,10
2003,Somali,7
2003,Somali,8
2003,Somali,14
2003,Amhara,10
2003,Somali,3
2003,Somali,41
2003,Somali,4
2003,Oromia,3
2003,Somali,3
2003,Somali,5
2003,Somali,4
2003,Somali,1
2003,Somali,12
2003,Somali,6
2003,Somali,9
2003,Oromia,7
2003,Somali,4
2003,Somali,6
2003,Somali,5
2003,Somali,7
2003,Somali,9
2003,Gambela Peoples,0
2003,Gambela Peoples,0
2003,Gambela Peoples,0
2003,Gambela Peoples,0
2003,Gambela Peoples,0
2003,Gambela Peoples,0
2003,Oromia,99
2003,Somali,2
2003,Somali,6
2003,Gambela Peoples,0
2003,Gambela Peoples,0
2003,Gambela Peoples,0
2002,Somali,10
2002,Somali,0
2002,Tigray,2
2002,Somali,0
2002,Addis Ababa,0
2002,Oromia,10
2002,Oromia,10
2002,Somali,0
2002,Oromia,0
2002,Somali,0
2002,Oromia,0
2002,Somali,0
2002,Somali,0
2002,Somali,0
2002,Oromia,0
2002,Addis Ababa,0
2002,Somali,15
2002,Somali,7
2002,Oromia,0
2002,Somali,2
2002,Oromia,0
2002,Somali,17
2002,Somali,6
2002,Somali,4
2002,Somali,5
2002,Somali,4
2002,Somali,7
2002,Somali,0
2002,Somali,1
2002,Gambela Peoples,33
2002,Southern Nations,0
2002,Tigray,58
2002,Somali,5
2002,Somali,3
2002,Oromia,18
2002,Somali,0
2002,Gambela Peoples,41
2002,Somali,4
2002,Somali,4
2002,Amhara,0
2002,Afar,30
2002,Gambela Peoples,5
2002,Oromia,11
2002,Oromia,32
2002,Tigray,9
2002,Somali,6
2002,Somali,50
2002,Somali,0
2002,Somali,7
2002,Somali,25
2002,Somali,7
2002,Somali,10
2002,Somali,9
2002,Somali,21
2002,Somali,2
2002,Somali,20
2002,Somali,5
2002,Somali,60
2002,Afar,0
2002,Oromia,0
2002,Oromia,38
2002,Somali,7
2002,Gambela Peoples,2
2002,Oromia,0
2002,Gambela Peoples,0
2002,Harari People,60
2002,Addis Ababa,2
2002,Oromia,5
2002,Somali,0
2002,Gambela Peoples,0
2002,Oromia,16
2002,Oromia,8
2002,Amhara,5
2002,Oromia,0
2002,Oromia,5
2002,Oromia,7
2002,Oromia,45
2002,Somali,7
2002,Benshangul-Gumaz,4
2002,Oromia,4
2002,Somali,30
2002,Oromia,0
2002,Somali,4
2002,Oromia,15
2002,Somali,2
2002,Amhara,3
2002,Somali,20
2002,Oromia,9
2002,Oromia,4
2002,Oromia,4
2002,Gambela Peoples,0
2002,Somali,10
2002,Somali,25
2002,Somali,14
2002,Somali,6
2002,Gambela Peoples,0
2002,Somali,0
2002,Somali,7
2002,Somali,3
2002,Somali,5
2002,Somali,6
2002,Tigray,8
2002,Tigray,20
2002,Tigray,5
2002,Southern Nations,3
2002,Oromia,4
2002,Southern Nations,0
2002,Southern Nations,0
2002,Southern Nations,0
2002,Oromia,15
2002,Somali,13
2002,Somali,27
2002,Somali,7
2002,Somali,0
2002,Somali,6
2002,Gambela Peoples,0
2002,Gambela Peoples,54
2002,Somali,5
2002,Gambela Peoples,60
2002,Gambela Peoples,25
2002,Somali,11
2002,Somali,13
2002,Somali,5
2002,Somali,7
2002,Dire Dawa,0
2002,Dire Dawa,60
2002,Oromia,93
2002,Gambela Peoples,58
2002,Benshangul-Gumaz,0
2002,Gambela Peoples,58
2002,Dire Dawa,0
2002,Oromia,43
2002,Gambela Peoples,58
2002,Gambela Peoples,175
2002,Gambela Peoples,58
2002,Oromia,43
2002,Gambela Peoples,0
2002,Harari People,3
2002,Oromia,0
2002,Amhara,300
2002,Gambela Peoples,58
2002,Gambela Peoples,120
2002,Gambela Peoples,59
2002,Gambela Peoples,215
2002,Oromia,15
2002,Somali,0
2002,Somali,23
2002,Gambela Peoples,20
2002,Gambela Peoples,227
2002,Somali,8
2002,Southern Nations,38
2002,Amhara,0
2002,Amhara,2
2002,Amhara,9
2002,Amhara,0
2002,Tigray,0
2002,Tigray,0
2002,Southern Nations,125
2002,Southern Nations,0
2002,Southern Nations,125
2002,Southern Nations,17
2002,Southern Nations,26
2002,Somali,0
2002,Somali,0
2002,Somali,0
2002,Somali,0
2002,Tigray,0
2002,Somali,36
2002,Somali,102
2002,Oromia,2
2002,Somali,100
2002,Southern Nations,16
2002,Amhara,16
2002,Amhara,17
2002,Oromia,16
2002,Somali,30
2002,Somali,8
2002,Somali,7
2002,Afar,27
2002,Somali,15
2002,Somali,0
2002,Somali,5
2002,Amhara,100
2002,Addis Ababa,100
2002,Somali,8
2002,Somali,3
2002,Somali,4
2002,Oromia,1
2002,Oromia,0
2002,Oromia,0
2002,Benshangul-Gumaz,0
2002,Oromia,1
2002,Oromia,1
2002,Amhara,1
2002,Oromia,1
2002,Oromia,1
2002,Oromia,2
2002,Amhara,8
2002,Tigray,3
2002,Amhara,3
2002,Oromia,25
2002,Oromia,8
2002,Oromia,0
2002,Amhara,0
2002,Amhara,0
2002,Oromia,0
2002,Somali,4
2002,Oromia,0
2002,Oromia,2
2002,Oromia,12
2002,Oromia,40
2002,Southern Nations,33
2002,Southern Nations,15
2002,Southern Nations,34
2002,Gambela Peoples,33
2002,Oromia,6
2002,Oromia,1
2002,Oromia,1
2002,Tigray,0
2002,Somali,20
2002,Oromia,3
2002,Amhara,1
2002,Amhara,3
2002,Amhara,0
2002,Amhara,0
2002,Amhara,0
2002,Amhara,0
2002,Amhara,0
2002,Amhara,0
2002,Amhara,0
2002,Amhara,0
2002,Amhara,30
2002,Amhara,11
2001,Addis Ababa,1
2001,Tigray,0
2001,Southern Nations,40
2001,Oromia,0
2001,Oromia,17
2001,Southern Nations,20
2001,Tigray,2
2001,Tigray,2
2001,Tigray,2
2001,Oromia,26
2001,Oromia,27
2001,Oromia,0
2001,Oromia,0
2001,Oromia,8
2001,Gambela Peoples,0
2001,Gambela Peoples,0
2001,Somali,7
2001,Amhara,0
2001,Amhara,9
2001,Oromia,3
2001,Amhara,10
2001,Somali,23
2001,Oromia,0
2001,Oromia,17
2001,Oromia,17
2001,Oromia,4
2001,Tigray,1
2001,Addis Ababa,0
2001,Addis Ababa,0
2001,Addis Ababa,0
2001,Addis Ababa,0
2001,Addis Ababa,0
2001,Addis Ababa,38
2001,Addis Ababa,40
2001,Tigray,0
2001,Addis Ababa,1
2001,Oromia,23
2001,Oromia,237
2001,Harari People,0
2001,Amhara,0
2001,Oromia,9
2001,Oromia,8
2001,Oromia,8
2001,Oromia,115
2001,Oromia,2
2001,Harari People,0
2001,Somali,5
2001,Oromia,62
2001,Oromia,0
2001,Oromia,44
2001,Oromia,44
2001,Somali,8
2001,Southern Nations,8
2001,Somali,0
2001,Addis Ababa,1
2001,Somali,3
2001,Southern Nations,3
2000,Oromia,0
2000,Oromia,17
2000,Somali,17
2000,Somali,17
2000,Oromia,42
2000,Oromia,6
2000,Amhara,6
2000,Oromia,6
2000,Oromia,5
2000,Amhara,5
2000,Oromia,5
2000,Oromia,5
2000,Amhara,5
2000,Oromia,5
2000,Amhara,5
2000,Oromia,5
2000,Oromia,5
2000,Amhara,5
2000,Oromia,5
2000,Oromia,5
2000,Oromia,5
2000,Amhara,5
2000,Oromia,5
2000,Amhara,5
2000,Oromia,5
2000,Oromia,5
2000,Oromia,5
2000,Somali,0
2000,Amhara,5
2000,Somali,8
2000,Oromia,5
2000,Oromia,5
2000,Amhara,5
2000,Oromia,5
2000,Oromia,5
2000,Oromia,5
2000,Amhara,5
2000,Oromia,5
2000,Amhara,5
2000,Oromia,5
2000,Oromia,5
2000,Amhara,6
2000,Oromia,6
2000,Somali,31
2000,Oromia,31
2000,Somali,31
2000,Oromia,0
2000,Oromia,68
2000,Oromia,67
2000,Oromia,0
2000,Dire Dawa,42
2000,Amhara,41
2000,Oromia,41
2000,Amhara,0
2000,Amhara,0
2000,Amhara,0
2000,Amhara,0
2000,Amhara,0
2000,Amhara,0
2000,Amhara,0
2000,Amhara,0
2000,Amhara,0
2000,Amhara,0
2000,Amhara,0
2000,Oromia,2
2000,Oromia,6
2000,Oromia,21
2000,Amhara,0
2000,Amhara,0
2000,Amhara,0
2000,Amhara,0
2000,Amhara,117
2000,Amhara,0
2000,Oromia,12
2000,Amhara,0
2000,Amhara,0
2000,Amhara,0
2000,Amhara,0
2000,Somali,17
2000,Oromia,0
2000,Oromia,5
2000,Gambela Peoples,69
2000,Gambela Peoples,69
2000,Oromia,5
2000,Gambela Peoples,68
2000,Oromia,18
2000,Tigray,0
2000,Oromia,5
2000,Oromia,7
2000,Southern Nations,21
2000,Amhara,7
2000,Oromia,12
2000,Amhara,5
2000,Somali,13
2000,Somali,13
2000,Afar,0
2000,Somali,13
2000,Somali,13
2000,Somali,14
2000,Tigray,0
2000,Afar,0
2000,Afar,0
2000,Afar,0
2000,Afar,0
2000,Afar,0
2000,Tigray,0
2000,Tigray,0
2000,Tigray,0
2000,Tigray,2
2000,Tigray,0
2000,Tigray,2
2000,Tigray,2
2000,Tigray,2
2000,Tigray,2
2000,Tigray,2
2000,Tigray,2
2000,Tigray,2
2000,Tigray,3
2000,Somali,98
2000,Somali,99
2000,Dire Dawa,0
2000,Oromia,0
2000,Oromia,0
2000,Oromia,0
2000,Oromia,0
2000,Oromia,0
2000,Amhara,0
2000,Amhara,0
2000,Oromia,0
2000,Southern Nations,14
2000,Oromia,0
2000,Oromia,1
2000,Addis Ababa,1
2000,Oromia,0
2000,Oromia,5
1999,Southern Nations,1
1999,Southern Nations,7
1999,Oromia,0
1999,Dire Dawa,2
1999,Southern Nations,0
1999,Afar,2
1999,Oromia,3
1999,Somali,24
1999,Somali,24
1999,Somali,18
1999,Somali,62
1999,Oromia,53
1999,Oromia,2
1999,Dire Dawa,0
1999,Oromia,105
1999,Oromia,1
1999,Amhara,25
1999,Oromia,0
1999,Oromia,35
1999,Somali,53
1999,Oromia,25
1999,Oromia,0
1999,Oromia,0
1999,Oromia,50
1999,Southern Nations,202
1999,Oromia,123
1999,Oromia,30
1999,Somali,16
1999,Oromia,143
1999,Oromia,83
1999,Oromia,322
1999,Oromia,1172
1999,Somali,40
1999,Somali,0
1999,Afar,923
1999,Afar,923
1999,Oromia,0
1999,Somali,47
1999,Tigray,0
1999,Tigray,0
1999,Somali,0
1999,Tigray,0
1999,Oromia,47
1999,Tigray,923
1999,Tigray,923
1999,Oromia,0
1999,Oromia,0
1999,Somali,168
1999,Oromia,100
1999,Tigray,923
1999,Tigray,923
1999,Tigray,923
1999,Tigray,923
1999,Tigray,923
1999,Oromia,0
1999,Oromia,7
1999,Oromia,42
1999,Afar,0
1999,Tigray,923
1999,Afar,3
1999,Tigray,923
1999,Tigray,4
1999,Tigray,12
1999,Tigray,0
1999,Tigray,923
1999,Tigray,923
1999,Tigray,923
1999,Tigray,923
1999,Tigray,923
1999,Tigray,923
1999,Oromia,18
1999,Oromia,62
1999,Somali,15
1998,Dire Dawa,1
1998,Southern Nations,2
1998,Tigray,0
1998,Tigray,0
1998,Southern Nations,3
1998,Somali,0
1998,Tigray,0
1998,Tigray,0
1998,Tigray,1
1998,Tigray,0
1998,Southern Nations,0
1998,Oromia,0
1998,Tigray,2
1998,Southern Nations,0
1998,Oromia,0
1998,Southern Nations,0
1998,Oromia,0
1998,Oromia,13
1998,Oromia,0
1998,Oromia,0
1998,Oromia,0
1998,Gambela Peoples,2
1998,Tigray,11
1998,Oromia,0
1998,Gambela Peoples,0
1998,Addis Ababa,0
1998,Southern Nations,140
1998,Tigray,18
1998,Somali,0
1998,Oromia,0
1998,Somali,0
1998,Somali,0
1998,Tigray,0
1998,Tigray,0
1998,Tigray,0
1998,Oromia,0
1998,Tigray,4
1998,Tigray,0
1998,Afar,600
1998,Tigray,0
1998,Tigray,0
1998,Tigray,51
1998,Tigray,0
1998,Tigray,0
1998,Tigray,0
1998,Tigray,0
1998,Tigray,0
1998,Tigray,0
1998,Tigray,0
1998,Somali,87
1998,Oromia,0
1998,Tigray,0
1998,Tigray,15
1998,Afar,0
1998,Oromia,2
1998,Amhara,4
1998,Amhara,1
1998,Oromia,0
1998,Somali,0
1998,Oromia,1
1997,Addis Ababa,3
1997,Addis Ababa,3
1997,Addis Ababa,1
1997,Somali,2
1997,Somali,2
1997,Harari People,0
1997,Oromia,2
1997,Southern Nations,3
1997,Southern Nations,24
1997,Oromia,24
1997,Oromia,16
1997,Oromia,0
1997,Southern Nations,0
1997,Addis Ababa,1
1997,Dire Dawa,0
1997,Addis Ababa,0
1997,Addis Ababa,0
1997,Addis Ababa,1
1997,Addis Ababa,0
1997,Addis Ababa,0
1997,Gambela Peoples,0
1997,Harari People,2
1997,Gambela Peoples,0
