Country,Population(millions),Working_age_population(%),Participation_rate(%),Unemployment_rate(%),Men(15_24),women(15_24),Men(25-64),Women(25-64),Average_schooling (years)_total,Skills_as_a_constraint (%),Ed_attainment_Reading,Ed_attainment_Mathamatics,Ed_attainment_Mathamatics,employment_sector_primary,employment_sector_secondary,employment_sector_tertiary,employment_civil_service,Wage employment,Self-employment      ,Farmng,Employment in urban areas (%),Accountant ,Chemical_engineer,Bus_driver,Sewing_machine_operator,Working_poor (% below 1.25 PPP dollars a day),Satisfied with life (% in latest survey)_Employed,Satisfied with life (% in latest survey)_Unemployed,Satisfied with life (% in latest survey)_Out_of_Labor_Force,Labor share (% of national income),Gender gap in earnings (women/men),Value_added_per_worker_primary,Value_added_per_worker_secondary,Value_added_per_worker_tertiary,Civic participation (% in latest survey)_employed,Civic participation (% in latest survey)_unemployed,Civic participation (% in latest survey)_out_of_labor_force,Wage_inEquality (90%/10%ratio),Youth_unemployment_Men,Youth_unemployment_woman,Youth not in school or at work (% of youth cohort)_Men,Youth not in school or at work (% of youth cohort)_women,Core_ILO_conventions_ratified,Minimum_wage_(2005_dollars_per_year),Separation cost (weeks of salary)after_one_year,Separation cost (weeks of salary)after_10_years,Union_Membership(%wage_employment),Labor market policies (spending in % of GDP),Social_security_contributions(%of_salary),Social_security_coverage,conventions_on_migration_ratified,Immigrants_(%of population),Emmigrants_(%native_population),Remittances(%GDP),,,,,,
Afghanistan,34.4,  ,  ,,  ,  ,  ,  ,4.2,18,  ,  ,  ,,,, 3.2 , , , ,   ,  ,  ,  ,  ,,,,,,,,,,,,,,,,,,5,0,13.0,30.3,,,  ,  ,0,0.3,6.4,,,,,,,
Albania,3.2,  ,  ,13.8,  ,  ,  ,  ,10.3,, 385 , 377 , 391 ,,,,  , , , ,   ,  ,  ,  ,  ,,46.3,33.3,35.5,,," 3,885 "," 8,110 "," 14,021 ",22.4,27.5,26.8,,26.2,28.3,,,8,2160,4.3,34.4,,, 23.1 , 37.9 ,3,2.8,31.6,9.7,,,,,,
Algeria,35.5,  ,  ,11.4,  ,  ,  ,  ,8.3,,  ,  ,  ,,,,  , , , ,   ,  ,  ,  ,  ,,55.4,39.3,57.5,,,,,,10.1,10.6,13.9,,,,,,8,2460,17.3,17.3,,, 34.0 ,  ,2,0.7,3.3,1.3,,,,,,
Angola,19.1,  ,  ,,  ,  ,  ,  ,,26,  ,  ,  ,,,,  , , , ,   ,  ,  ,  ,  ,,,,,,,,,,,,,,,,,,8,1308,8.6,80.1,,,  ,  ,0,0.3,2.7,0.1,,,,,,
Argentina,40.5, 65.6 , 67.8 ,8.6, 50.1 , 32.4 , 92.6 , 63.4 ,9.3,57, 398 , 388 , 401 ,5.8,29.4,64.8,  ,,,,,  ," 17,214 ",  ,  ,1.0,87.1,71.6,90.4,,0.96," 134,720 "," 24,822 "," 14,530 ",19.9,10.1,15.5,5.5,18.8,24.7,14.8,24.8,8,4824,8.7,52.0,,4.97, 24.8 , 47.0 ,1,3.6,2.4,0.2,,,,,,
Armenia,3.1,  ,  ,28.6,  ,  ,  ,  ,10.4,23,  ,  ,  ,,,, 15.6 , , , ,   ,  ,  ,  ,  ,,,,,43.9,," 4,636 "," 28,403 "," 10,819 ",,,,,37.4,54.7,,,8,948,13.0,13.0,,1.89, 3.0 , 32.1 ,2,10.5,23.9,10.6,,,,,,
Australia,22.3, 67.6 , 76.5 ,5.2, 69.8 , 67.3 , 86.5 , 70.7 ,12.1,, 515 , 514 , 527 ,3.3,21.1,75.5, 14.6 ,84.6,13.6,1.8, 88.8 ,  ,  ,  ,  ,,86.9,65.6,81.5,52.5,," 70,416 "," 90,412 "," 89,745 ",49.2,38.5,41.2,8.8,11.9,11.1,18.1,19.0,7,13896,5.0,16.0,19,0.87, 9.0 ,  ,0,21.1,2.5,0.4,,,,,,
Austria,8.4, 67.5 , 75.1 ,4.4, 63.6 , 54.1 , 84.6 , 72.6 ,9.5,, 470 , 496 , 494 ,5.2,24.9,69.9, 11.5 ,87.1,8.8,4.1, 59.6 ,  ,  ,  ,  ,,,,,54.2,0.88," 26,250 "," 99,691 "," 84,955 ",,,,5.2,8.9,8.8,18.5,20.0,8,7704,2.0,2.0,28,2.34, 37.8 ,  ,0,15.6,7.8,0.9,,,,,,
Azerbaijan,9.0,  ,  ,6.0,  ,  ,  ,  ,,15, 362 , 431 , 373 ,,,, 14.3 , , , ,   ," 7,483 "," 6,544 ",  ,  ,,,,,18.9,," 1,627 "," 44,847 "," 6,286 ",,,,,13.4,15.5,,,8,1068,21.7,21.7,,, 25.0 ,  ,1,2.9,14.0,2.7,,,,,,
Bangladesh,148.7, 60.5 , 60.0 ,5.0,,,,,5.8,,  ,  ,  ,39.0,21.0,40.0,  ,,,, 24.0 ,  ,  ,  ,  ,,40.4,41.5,42.4,,,,,,24.8,24.6,23.7,3.8,,,,,7,252,9.3,54.3,,0.09,  ,  ,0,0.7,3.5,10.8,,,,,,
Barbados,0.3,,  ,8.1,  ,  ,  ,  ,9.5,,,,,,,,  ,,,,   ,,,,,,,,,,,,,,,,,,,,,,8,,,,,, 17.6 ,  ,1,10.3,30,3,,,,,,
Belarus,9.5,  ,,,,,,,,61,  ,  ,  ,,,,  ,,,,   ,  ,  ,  ,  ,,,,,55.5,,,,,,,,,,,,,8,1104,21.7,21.7,,, 29.5 , 93.5 ,0,11.5,17.4,0.7,,,,,,
Belgium,10.9, 65.9 , 67.7 ,8.3, 35.2 , 29.8 , 82.1 , 68.9 ,10.5,, 506 , 515 , 507 ,1.4,23.4,65.3, 18.8 ,88.8,10.1,1.1, 95.8 ,  ,  ,  ,  ,,,,,57.2,0.85," 67,238 "," 91,242 "," 99,674 ",,,,3.0,22.4,22.4,12.7,11.6,8,18804,5.0,8.0,52,3.77, 22.4 ,  ,1,8.9,4.4,2.2,,,,,,
Belize,0.3,,,4.0,,,,,9.5,,,,,,,,  ,,,,   ,,,,,,,,,,,,,,,,,,,,,,8,3156,2.0,14.0,,,  , 61.0 ,2,13.6,14.4,5.7,,,,,,
Benin,8.8,  ,  ,,  ,  ,  ,  ,4.2,26,  ,  ,  ,,,,  , , , ,   ,  ,  ,  ,  ,,,,,,,,,,,,,,,,,,8,732,5.6,18.4,,, 12.5 ,  ,1,2.6,5.8,3.8,,,,,,
Bhutan,0.7,,  ,8.2,  ,  ,  ,  ,,13,,,,,,,  ,,,,   ,,,,,,,,,88.9,," 1,017 "," 25,363 "," 4,794 ",,,,,10.7,14.7,,,0,0,5.3,10.3,,,  , 14.0 ,0,5.5,6.1,0.3,,,,,,
Bolivia,9.9, 59.6 , 74.7 ,, 59.0 , 46.1 , 96.7 , 75.2 ,9.9,37,  ,  ,  ,35.6,18.8,45.6,  ,36.1,30.3,33.7, 64.3 ,  ,  ,  ,  ,16.0,,,,31.5,,,,,21.6,16.3,21.9,7.5,,,15.8,18.5,8,960,,,,, 20.5 , 12.2 ,1,1.5,6.5,5.5,,,,,,
Bosnia and Herzegovina,3.8,  ,  ,27.2,  ,  ,  ,  ,,19,  ,  ,  ,,,,  , , , ,   ,  ,  ,  ,  ,,58.7,38.2,49.1,59.9,,,,,13.9,16.1,18.0,,44.7,51.9,,,8,4356,2.0,16.4,,,  , 24.5 ,3,0.7,28.1,11.4,,,,,,
Botswana,2.0, 59.9 , 68.5 ,, 45.2 , 37.4 , 88.6 , 74.0 ,9.6,32,  ,  ,  ,25.5,18.1,56.5, 15.2 ,68.4,12.2,19.3,   ,  ,  ,  ,  ,,,,,,,,,,17.3,12.3,,28.3,,,25.7,38.9,8,1164,6.7,42.0,,,  ,  ,0,5.7,3.2,0.7,,,,,,
Brazil,194.9, 67.9 , 73.9 ,8.3, 71.3 , 54.0 , 90.1 , 66.6 ,7.5,69, 412 , 386 , 405 ,17.0,22.2,60.9, 11.0 ,66.5,21.7,11.8, 83.7 ,  ,  ,  ,  ,6.0,85.6,74.2,82.3,49.1,0.89," 5,048 "," 18,599 "," 16,888 ",8.4,11.3,10.4,6.0,13.9,23.1,12.1,24.8,7,3000,5.9,20.9,29,, 29.3 , 59.3 ,1,0.4,0.7,0.2,,,,,,
Bulgaria,7.5, 68.9 , 66.5 ,10.2, 33.5 , 24.2 , 79.5 , 70.6 ,9.9,21, 429 , 428 , 439 ,6.8,33.3,59.9, 13.9 ,86.4,10.0,3.6, 50.3 ,  ,  ,  ,  ,,51.9,31.3,38.3,42.5,0.82," 11,062 "," 13,748 "," 15,240 ",21.3,23.0,22.9,4.5,24.1,21.7,17.4,29.6,8,1788,8.6,8.6,20,, 21.3 , 78.7 ,0,1.4,13.9,2.9,,,,,,
Burkina Faso,16.5,  ,  ,,  ,  ,  ,  ,,37,  ,  ,  ,,,,  , , , ,   ,  ,  ,  ,  ,,48.7,37.1,47.1,22.0,,,,,12.3,13.3,17.5,,,,,,8,756,5.4,16.3,,, 18.0 ,  ,3,6.3,9.3,1.1,,,,,,
Burundi,8.4,  ,  ,,  ,  ,  ,  ,3.3,,  ,  ,  ,,,,  , , , ,   ,  ,  ,  ,  ,,,,,,,,,,,,,,,,,,8,36,4.3,26.0,,, 9.5 ,  ,0,0.7,4.1,1.4,,,,,,
Cambodia,14.1, 63.4 , 84.8 ,1.7, 78.4 , 75.0 , 95.5 , 83.7 ,6.0,,  ,  ,  ,60.1,13.1,26.8,  ,25.9,19.2,54.9, 17.4 ,  ,  ,  ,  ,23.0,,,,,0.99, 615 ," 3,359 "," 2,762 ",,,,8.6,3.5,3.3,3.6,10.6,8,444,4.3,34.4,,,  ,  ,0,2.4,2.5,3.3,,,,,,
Cameroon,19.6,  ,  ,,  ,  ,  ,  ,6.1,38,  ,  ,  ,,,,  , , , ,   ,  ,  ,  ,  ,,,,,20.8,,,,,,,,,,,,,8,684,5.8,23.8,,, 10.1 ,  ,2,1.0,1.4,0.9,,,,,,
Canada,34.1, 69.4 , 77.8 ,8.0, 64.4 , 64.6 , 85.6 , 76.5 ,12.1,, 524 , 527 , 529 ,2.4,21.5,76.5, 18.6 , , , ,   ," 41,143 ",  ," 27,400 "," 13,159 ",,91.4,78.7,90.7,,," 84,494 "," 129,063 "," 76,038 ",44.9,36.5,40.3,,17.1,12.4,,,5,17952,2.0,18.0,30,1.33, 14.0 , 87.4 ,0,21.1,4.2,,,,,,,
Central African Republic,4.4,  ,  ,,  ,  ,  ,  ,3.6,,  ,  ,  ,,,,  , , , ,   ,  ,  ,  ,  ,,,,,,,,,,,,,,,,,,8,432,21.7,21.7,,,  ,  ,0,1.8,2.9,,,,,,,
Chad,11.2,  ,  ,,  ,  ,  ,  ,,53,  ,  ,  ,,,,  , , , ,   ,  ,  ,  ,  ,,,,,,,,,,,,,,,,,,8,780,4.3,20.6,,, 8.5 ,  ,0,3.5,2.2,,,,,,,
Chile,17.1, 68.7 , 64.8 ,8.1, 43.8 , 30.4 , 90.5 , 58.6 ,10.2,41, 449 , 421 , 447 ,11.2,23.2,65.6, 9.3 ,76.3,20.8,3.0, 88.5 ,  ,  ,  ,  ,1.0,80.1,73.2,74.6,42.3,0.86," 7,742 "," 39,481 "," 21,281 ",14.1,18.5,10.2,5.5,16.6,21.7,17.6,26.8,8,0,8.6,47.6,14,3.13, 18.0 , 57.7 ,1,1.9,3.6,0.0,,,,,,
China,1340.9, 74.5 , 71.0 ,2.9, 59.6 , 55.1 , 90.8 , 74.1 ,8.2,,  ,  ,  ,36.7,28.7,34.6,  ,,,25.8, 45.6 ,  ,  ,  ,  ,,72.5,65.8,74.9,,," 1,649 "," 10,799 "," 7,788 ",52.7,43.1,53.0,4.0,,,12.8,11.0,4,1728,8.6,47.6,79,0.06, 32.0 , 33.5 ,0,0.1,0.6,0.9,,,,,,
Colombia,46.3, 64.5 , 71.9 ,11.6, 61.9 , 43.4 , 94.2 , 65.9 ,7.7,45, 413 , 381 , 402 ,18.5,19.8,61.7, 5.3 ,46.4,41.6,12.0, 78.4 ,  ,  ,  ,  ,8.0,91.3,84.1,89.9,35.0,0.91," 5,171 "," 23,951 "," 12,101 ",16.0,12.5,11.4,6.6,18.2,29.9,14.5,33.3,8,2628,4.3,30.0,,0.00, 44.8 , 27.8 ,1,0.2,4.4,1.4,,,,,,
"Congo, Dem. Rep.",66.0,  ,  ,,  ,  ,  ,  ,3.5,65,  ,  ,  ,,,,  , , , ,   ,  ,  ,  ,  ,,,,,,,,,,,,,,,,,,8,696,4.2,16.8,,, 8.5 , 14.2 ,0,0.7,1.4,,,,,,,
"Congo, Rep.",4.0,  ,  ,,  ,  ,  ,  ,6.0,51,  ,  ,  ,,,,  , , , ,   ,  ,  ,  ,  ,,,,,,,,,,,,,,,,,,8,1296,4.3,17.8,,, 14.3 , 9.7 ,0,3.5,5.1,0.1,,,,,,
Costa Rica,4.7, 68.5 , 65.3 ,7.8, 57.8 , 36.1 , 93.1 , 54.2 ,8.7,38,  ,  ,  ,11.9,20.0,68.1, 11.7 ,72.6,23.2,4.2, 62.1 ," 12,518 "," 12,011 "," 5,973 "," 2,579 ",3.0,,,,55.4,," 7,964 "," 16,232 "," 13,886 ",10.1,4.6,6.9,,9.6,13.4,12.8,27.1,8,3852,7.1,29.5,,0.60, 23.8 , 58.6 ,0,10.5,2.9,1.5,,,,,,
Cote d’Ivoire,19.7,  ,  ,,  ,  ,  ,  ,,27,  ,  ,  ,,,,  , , , ,   ,  ,  ,  ,  ,,,,,,,,,,,,,,,,,,8,0,5.6,22.8,,, 11.5 ,  ,0,12.2,6.3,0.8,,,,,,
Croatia,4.4, 67.2 , 61.5 ,11.8, 40.2 , 27.6 , 74.0 , 62.0 ,9.0,, 476 , 460 , 486 ,14.9,27.3,57.6, 15.5 , , , ,   ,  ,  ,  ,  ,,,,,,," 12,516 "," 34,397 "," 39,446 ",,,,,31.1,35.0,,,8,5748,4.3,25.1,,, 36.7 , 76.0 ,0,15.8,16.9,2.2,,,,,,
Cuba,11.3,  ,  ,1.6,  ,  ,  ,  ,10.6,,  ,  ,  ,,,, 42.5 , , , ,   ,  ,  ,  ,  ,,,,,44.5,," 2,848 "," 12,553 "," 12,875 ",,,,,2.8,3.5,,,7,,,,,, 14.0 ,  ,1,0.1,9.8,,,,,,,
Czech Republic,10.5, 70.6 , 70.2 ,7.3, 36.2 , 25.3 , 87.8 , 69.1 ,12.1,29, 478 , 493 , 500 ,3.1,38.0,57.9, 13.4 ,84.3,14.7,1.0, 59.4 ," 23,583 "," 22,528 "," 12,911 ",  ,,,,,49.2,0.99," 30,708 "," 38,029 "," 41,145 ",,,,,18.3,18.5,9.6,12.3,8,4608,21.7,21.7,17,0.72, 31.5 ,  ,0,4.3,3.5,0.6,,,,,,
Denmark,5.5, 65.6 , 79.4 ,7.5, 67.6 , 67.4 , 86.1 , 78.0 ,10.1,, 495 , 503 , 499 ,2.4,19.6,77.7, 30.7 ,91.7,7.2,1.1, 75.6 ,  ,  ,  ,  ,,,,,66.5,," 65,098 "," 120,024 "," 108,138 ",,,,,16.1,11.8,11.9,14.5,8,0,0.0,0.0,69,3.33, 8.0 ,  ,0,8.7,4.9,0.2,,,,,,
Dominican Republic,9.9, 63.5 , 59.4 ,14.2, 49.0 , 26.5 , 87.9 , 51.8 ,7.4,,  ,  ,  ,14.6,18.1,67.4,  ,50.4,37.1,12.5, 69.3 ,  ,  ,  ,  ,2.0,,,,,," 4,814 "," 17,142 "," 11,879 ",,,,,,,14.1,28.1,8,2436,7.8,45.8,,,  , 26.9 ,0,4.4,9.8,6.5,,,,,,
Ecuador,14.5, 62.5 , 66.8 ,6.5, 55.4 , 33.8 , 94.5 , 59.9 ,8.1,34,  ,  ,  ,28.4,18.6,53.0, 7.9 ,54.6,27.7,17.7, 67.7 ,  ,  ,  ,  ,5.0,,,,,," 1,942 "," 14,885 "," 8,338 ",12.2,8.7,11.6,4.9,11.7,18.1,8.3,23.6,8,2328,14.1,54.2,,, 19.0 ,  ,2,2.7,7.5,4.4,,,,,,
"Egypt, Arab Rep.",81.1,  ,  ,8.7,  ,  ,  ,  ,7.1,,  ,  ,  ,,,, 23.6 , , , ,   ,  ,  ,  ,  ,,52.2,42.9,54.6,26.1,," 2,759 "," 10,894 "," 7,308 ",16.9,17.3,20.0,,,,,,8,336,13.0,67.2,,, 35.0 , 55.1 ,1,0.3,4.4,3.5,,,,,,
El Salvador,6.2, 61.1 , 64.8 ,7.3, 62.8 , 31.6 , 93.2 , 57.8 ,8.0,30,  ,  ,  ,,,,  ,,,, 67.7 ," 17,006 "," 16,327 "," 4,083 "," 2,079 ",9.0,82.3,75.6,78.0,,," 4,839 "," 10,641 "," 8,561 ",15.8,12.2,13.7,,,,13.5,36.7,8,936,4.3,42.9,,,  , 22.9 ,1,0.7,17.1,16.1,,,,,,
Eritrea,5.3,  ,  ,,  ,  ,  ,  ,,1,  ,  ,  ,,,,  , , , ,   ,  ,  ,  ,  ,,,,,,,,,,,,,,,,,,7,0,4.0,29.3,,,  ,  ,0,0.3,15.2,,,,,,,
Estonia,1.3, 67.8 , 73.8 ,16.9, 42.3 , 34.3 , 86.3 , 79.9 ,11.8,30, 501 , 512 , 528 ,4.2,30.1,65.1, 22.8 ,93.7,5.1,1.2, 53.3 ,  ,  ,  ,  ,,,,,59.7,0.69," 1,831 "," 1,992 "," 2,157 ",,,,4.3,35.4,30.0,10.6,11.2,8,4236,8.6,17.2,7,1.62, 29.9 ,  ,0,13.6,12.8,1.7,,,,,,
Ethiopia,82.9,  ,  ,,  ,  ,  ,  ,,,  ,  ,  ,,,,  , , , ,   ,  ,  ,  ,  ,,40.2,38.2,47.5,,,,,,21.4,27.2,26.9,,,,,,8,0,8.6,30.1,,, 15.0 ,  ,0,0.7,0.7,0.8,,,,,,
Fiji,0.9, 65.7 , 54.6 ,, 44.1 , 23.8 , 88.0 , 37.3 ,10.0,14,,,,26.1,17.5,56.4, 11.4 , 68.9 ,11.7,19.4,   ,,,,,,,,,,,,,,,,,,,,19.6,36.7,8,3132,5.3,14.3,,,27.0,  ,0,2.2,17.8,5.8,,,,,,
Finland,5.4, 66.4 , 74.5 ,8.4, 49.4 , 49.3 , 82.4 , 77.7 ,10.0,, 536 , 541 , 554 ,4.4,23.2,71.9, 22.0 ,86.2,10.9,2.9, 46.6 ,  ,  ,  ,  ,,94.4,69.9,87.4,56.6,," 63,793 "," 111,333 "," 83,346 ",65.9,44.5,52.6,,21.6,18.9,17.2,13.1,8,22212,4.3,17.3,70,2.80, 28.9 ,  ,0,4.2,6.0,0.3,,,,,,
France,64.9, 64.8 , 70.5 ,9.4, 42.8 , 35.5 , 82.5 , 73.0 ,10.5,, 496 , 497 , 498 ,2.9,22.2,74.5,  ,91.4,6.8,1.8, 83.1 ,  ,  ,  ,  ,,80.8,63.5,71.6,58.4,0.88," 59,087 "," 83,291 "," 107,508 ",19.4,18.5,17.7,4.9,22.2,23.7,10.5,10.5,8,8484,5.2,17.3,8,2.42, 34.9 ,  ,1,10.3,2.9,0.6,,,,,,
Gabon,1.5,  ,  ,,  ,  ,  ,  ,8.4,43,  ,  ,  ,,,,  , , , ,   ,  ,  ,  ,  ,,,,,,,,,,,,,,,,,,8,516,1.0,26.0,,,  ,  ,0,18.9,2.0,,,,,,,
"Gambia, The",1.7,  ,  ,,  ,  ,  ,  ,3.5,,  ,  ,  ,,,,  , , , ,   ,  ,  ,  ,  ,,,,,,,,,,,,,,,,,,8,0,26.0,26.0,,,  ,  ,0,16.8,4.3,11.0,,,,,,
Georgia,4.5, 67.6 , 64.2 ,16.5, 41.8 , 23.6 , 81.8 , 67.3 ,,26,  ,  ,  ,53.3,9.7,37.0,  ,52.1,13.8,34.1, 40.5 ,  ,  ,  ,  ,,42.8,28.4,33.8,33.3,0.60,,,,21.2,10.4,21.7,7.4,32.4,40.7,,,8,264,4.3,4.3,,, 25.0 ,  ,0,3.8,19.8,6.9,,,,,,
Germany,81.7, 65.9 , 76.6 ,7.1, 53.7 , 48.9 , 88.2 , 75.2 ,11.8,, 497 , 513 , 520 ,1.6,28.4,70.0, 11.2 ,92.0,7.6,0.4, 84.9 ," 71,989 "," 86,265 "," 44,482 "," 31,576 ",,86.0,50.6,78.1,54.7,," 35,975 "," 82,362 "," 82,997 ",40.6,22.6,34.1,,10.4,8.8,13.0,8.5,8,12276,6.2,39.0,19,2.53, 38.9 ,  ,1,13.2,4.7,0.3,,,,,,
Ghana,24.4,  ,  ,,  ,  ,  ,  ,7.1,,  ,  ,  ,,,,  , , , ,   ,  ,  ,  ,  ,,63.3,59.7,64.9,,,,,,8.7,8.0,8.7,,,,,,7,276,10.7,91.0,,, 17.5 , 8.7 ,1,7.6,3.5,0.4,,,,,,
Greece,11.3, 66.7 , 68.2 ,12.5, 33.4 , 27.2 , 87.1 , 63.0 ,10.7,, 483 , 466 , 470 ,12.5,19.7,67.7, 8.2 ,66.2,22.6,11.2, 53.0 ,  ,  ,  ,  ,,,,,39.3,0.93,,,,,,,4.2,26.7,40.6,16.1,20.2,8,12756,24.0,24.0,24,, 25.2 ,  ,0,10.0,10.6,0.5,,,,,,
Guatemala,14.4,  ,,,,,,,4.8,33,  ,  ,  ,,,,  , , , ,   ,  ,  ,  ,  ,,88.1,89.3,82.4,32.6,,,,,17.5,24.1,10.6,,,,,,8,1992,5.1,50.6,,, 15.5 , 20.3 ,2,0.4,5.7,10.2,,,,,,
Guinea,10.0,  ,  ,,  ,  ,  ,  ,,,  ,  ,  ,,,, 2.1 , , , ,   ,  ,  ,  ,  ,,,,,,,,,,,,,,,,,,8,0,3.2,13.0,,,  ,  ,2,4.0,5.3,1.3,,,,,,
Guinea-Bissau,1.5,  ,  ,,  ,  ,  ,  ,,,  ,  ,  ,,,,  , , , ,   ,  ,  ,  ,  ,,,,,,,,,,,,,,,,,,7,0,13.0,43.3,,,  ,  ,0,1.3,6.9,5.8,,,,,,
Haiti,10.0,  ,  ,,  ,  ,  ,  ,5.2,,  ,  ,  ,,,,  , , , ,   ,  ,  ,  ,  ,,,,,,,,,,,,,,,,,,8,1356,4.3,17.3,,, 15.0 ,  ,0,0.3,9.2,22.6,,,,,,
Honduras,7.6, 58.2 , 63.2 ,, 71.9 , 29.5 , 95.3 , 51.6 ,7.5,28,  ,  ,  ,37.1,20.3,42.5,  ,43.0,31.9,25.1, 48.6 ,  ,  ,  ,  ,18.0,,,,49.5,,,,,18.2,13.8,16.4,8.8,,,10.0,42.7,8,3504,8.7,52.0,,, 10.5 , 17.3 ,1,0.3,7.0,17.3,,,,,,
Hungary,10.0, 68.6 , 62.4 ,11.2, 27.7 , 22.1 , 77.4 , 63.9 ,11.7,6, 494 , 490 , 503 ,4.5,30.7,64.9, 22.0 ,87.5,10.8,1.7, 55.3 ,  ,  ,  ,  ,,,,,54.6,," 22,162 "," 31,452 "," 31,631 ",,,,,27.9,24.9,13.1,19.4,8,4200,4.3,20.9,17,1.15, 38.5 , 92.0 ,0,3.7,4.6,1.8,,,,,,
India,1170.9, 64.5 , 56.6 ,3.6, 52.1 , 19.1 , 95.1 , 34.4 ,5.1,,  ,  ,  ,51.2,22.3,26.4,  ,50.5,20.3,29.2, 25.8 ,  ,  ,  ,  ,,38.9,51.2,39.0,30.0,0.73," 1,154 "," 4,089 "," 6,775 ",23.4,19.1,27.1,10.7,9.9,11.3,10.0,50.5,4,264,6.5,25.8,41,6.74, 22.2 ,  ,0,0.4,0.9,3.2,,,,,,
Indonesia,239.9, 65.4 , 61.6 ,7.9, 47.5 , 26.9 , 94.6 , 45.2 ,6.2,4, 402 , 371 , 383 ,37.1,18.7,44.1,  ,42.3,27.3,30.4, 48.6 ,  ,  ,  ,  ,18.0,73.3,69.3,77.4,,," 2,527 "," 15,500 "," 5,637 ",45.7,25.0,40.7,8.6,21.6,23.0,13.8,33.6,8,1140,17.3,95.3,,0.15, 5.7 , 11.0 ,0,0.1,1.0,1.0,,,,,,
"Iran, Islamic Rep.",74.0,  ,  ,10.5,  ,  ,  ,  ,8.6,,  ,  ,  ,,,, 10.6 , , , ,   ,  ,  ,  ,  ,,63.3,60.7,66.9,,,,,,11.2,10.3,10.0,,20.2,33.9,,,5,3324,4.3,43.3,,, 30.0 ,  ,0,2.9,1.8,0.3,,,,,,
Iraq,32.0,  ,  ,,  ,  ,  ,  ,5.8,,  ,  ,  ,,,,  , , , ,   ,  ,  ,  ,  ,,31.4,22.1,31.3,21.9,,,,,36.7,46.0,43.2,,,,,,7,1248,0.0,0.0,,,  , 43.1 ,0,0.3,4.6,0.1,,,,,,
Ireland,4.5, 67.3 , 69.8 ,13.6, 43.1 , 41.5 , 85.0 , 66.8 ,11.6,, 496 , 487 , 508 ,4.6,19.5,75.5, 18.4 ,83.6,11.4,5.1, 65.7 ,  ,  ,  ,  ,,,,,48.8,1.02," 22,334 "," 172,844 "," 103,349 ",,,,5.6,34.0,21.5,17.0,17.1,8,19308,2.7,11.0,37,3.47, 14.8 ,  ,0,20.1,17.1,0.3,,,,,,
Israel,7.6, 62.2 , 64.5 ,6.6, 28.9 , 33.7 , 81.6 , 69.7 ,11.3,, 474 , 447 , 455 ,1.7,20.4,77.1, 17.0 , , , ,   ,  ,  ,  ,  ,,80.7,71.9,67.6,53.3,,,,,27.5,17.6,18.1,,14.5,12.9,,,8,10608,8.7,47.7,,0.90, 8.9 ,  ,1,38.6,17.9,0.6,,,,,,
Italy,60.5, 65.7 , 62.2 ,8.4, 33.2 , 23.4 , 80.8 , 56.0 ,9.5,, 486 , 483 , 489 ,3.8,28.8,67.5, 15.1 ,75.9,21.9,2.3, 83.7 ," 58,298 "," 40,328 "," 24,880 "," 20,791 ",,85.7,69.4,80.6,46.4,0.90," 41,152 "," 75,596 "," 93,103 ",31.3,26.3,26.1,3.2,26.8,29.4,20.7,20.6,8,18768,6.5,8.7,35,1.86, 40.1 ,  ,2,7.4,5.8,0.3,,,,,,
Jamaica,2.7,  ,  ,11.4,  ,  ,  ,  ,9.9,20,  ,  ,  ,,,,  , , , ,   ,  ,  ,  ,  ,,,,,51.0,," 3,123 "," 13,113 "," 11,501 ",,,,,22.5,33.1,,,8,2232,2.0,26.0,,0.00, 5.0 ,  ,2,1.1,27.0,14.5,,,,,,
Japan,127.5, 63.8 , 74.0 ,5.0, 42.3 , 44.0 , 92.9 , 66.7 ,11.6,, 520 , 529 , 539 ,3.7,25.3,69.7, 7.1 , , , ,   ,  ,  ," 30,452 "," 19,836 ",,80.9,70.6,85.2,,," 30,531 "," 115,414 "," 107,592 ",39.3,12.5,40.3,,10.4,8.0,,,6,14652,4.3,4.3,18,0.85, 31.9 ,  ,0,1.7,0.6,0.0,,,,,,
Jordan,6.0,  ,  ,12.9,  ,  ,  ,  ,9.2,, 405 , 387 , 415 ,,,, 16.2 , , , ,   ,  ,  ,  ,  ,,47.7,40.2,50.6,44.0,," 27,585 "," 26,114 "," 13,463 ",33.6,27.1,23.9,,22.6,45.9,,,7,2160,4.3,4.3,,, 18.0 ,  ,0,49.2,19.3,13.8,,,,,,
Kazakhstan,16.3,  ,  ,6.6,  ,  ,  ,  ,10.4,50, 390 , 405 , 400 ,,,,  , , , ,   ,  ,  ,  ,  ,,,,,34.4,," 3,016 "," 28,778 "," 13,905 ",,,,,6.8,8.2,,,8,1200,8.7,8.7,,, 10.0 , 62.5 ,0,18.9,21.9,0.2,,,,,,
Kenya,40.5,  ,  ,,  ,  ,  ,  ,7.3,,  ,  ,  ,,,,  , , , ,   ,  ,  ,  ,  ,,,,,40.4,,,,,,,,,,,,,7,1068,6.5,25.8,,3.78, 10.0 ,  ,2,2.0,1.1,5.5,,,,,,
Kiribati,0.1,,  ,,  ,  ,  ,,,,,,,,,,  ,   , , ,   ,,,,,,,,,,,,,,,,,,,,,,8,0,4.3,4.3,,,15.0,  ,0,2,6.2,,,,,,,
"Korea, Rep.",48.9, 73.2 , 65.8 ,3.7, 20.2 , 30.4 , 88.2 , 59.7 ,11.8,, 539 , 546 , 538 ,6.6,17.0,76.4,  , , , ,   ,  ,  ,  ,  ,,72.5,55.0,71.2,51.6,," 14,515 "," 91,830 "," 30,423 ",30.0,40.3,25.6,,11.2,9.0,,,4,6756,8.6,47.6,10,1.02, 28.8 ,  ,0,1.1,4.1,0.9,,,,,,
Kosovo,1.8,  ,  ,,  ,  ,  ,  ,,10,  ,  ,  ,,,,  , , , ,   ,  ,  ,  ,  ,,,,,,,,,,,,,,,,,,0,0,13.0,26.0,,,  ,  ,0,,,16.7,,,,,,
Kyrgyz Republic,5.4,  ,  ,8.2,  ,  ,  ,  ,8.7,28, 314 , 331 , 330 ,,,,  , , , ,   ,  ,  ,  ,  ,,64.9,73.4,64.7,32.0,," 1,550 "," 2,183 "," 2,142 ",17.6,12.4,17.4,,,,,,8,132,17.3,17.3,,, 27.3 , 40.4 ,2,4.1,10.6,26.6,,,,,,
Lao PDR,6.2, 59.5 , 87.7 ,, 78.5 , 80.6 , 96.2 , 87.7 ,5.1,19,  ,  ,  ,71.3,10.7,18.1,  ,15.5,16.9,67.6,,  ,  ,  ,  ,34.0,,,,,,,,,,,,,,,2.1,5.3,5,684,11.6,84.4,,, 9.5 ,  ,0,0.3,5.6,0.6,,,,,,
Latvia,2.2, 68.9 , 73.2 ,18.7, 43.0 , 37.7 , 85.2 , 79.0 ,10.6,39, 484 , 482 , 494 ,8.8,24.0,66.9, 23.2 ,91.1,6.2,2.7, 53.4 ,  ,  ,  ,  ,0.0,,,,47.9,0.67," 11,889 "," 23,498 "," 28,582 ",,,,,35.4,33.5,11.8,15.8,8,0,8.6,17.3,,0.11, 33.1 , 91.7 ,0,0.6,11.5,2.4,,,,,,
Lebanon,4.2,  ,  ,,  ,  ,  ,  ,,,  ,  ,  ,,,,  ,., , ,   ,  ,  ,  ,  ,,,,,,,,,,,,,,,,,,5,0,6.5,36.8,,, 8.5 ,  ,0,8.6,7.8,0.4,,,,,,
Lesotho,2.2,  ,  , 25.3 ,  ,  ,  ,  ,6.6,17,  ,  ,  ,,,,  ,   , , ,   ,  ,  ,  ,  ,,,,,48.4,,,,,3.3,4.0,,,29.0,41.9,,,8,828,6.4,20.6,,,,  ,1,4.4,2.5,1.6,,,,,,
Liberia,4.0,  ,  , 3.7 ,  ,  ,  ,  ,5.4,5,  ,  ,  ,,,,  ,   , , ,   ,  ,  ,  ,  ,,,,,,, 879 , 489 , 526 ,,,,,3.4,6.6,,,8,2196,1.4,14.4,,,,  ,0,26.6,0.9,0.1,,,,,,
Libya,6.4,  ,  ,  ,  ,  ,  ,  ,7.9,,  ,  ,  ,,,,  ,   , , ,   ,  ,  ,  ,  ,,,,,,,,,,,,,,,,,,6,552,17.5,152.7,,,14.3,  ,1,1.7,5.0,10.5,,,,,,
Lithuania,3.3, 68.9 , 70.5 , 17.8 , 32.8 , 26.3 , 84.5 , 80.1 ,10.9,40, 468 , 477 , 491 ,9.0,24.4,66.2, 25.0 , 89.1 ,5.9,5.0, 47.0 ,  ,  ,  ,  ,0.0,,,,49.5,0.71," 10,421 "," 31,384 "," 27,697 ",,,,4.3,38.4,30.8,8.0,3.6,5,0,1.0,4.0,18,,31.3, 82.9 ,2,7.2,2.8,8.7,,,,,,
"Macedonia, FYR",2.1, 70.6 , 64.2 , 32.0 , 42.2 , 24.0 , 87.9 , 57.7 ,,15,  ,  ,  ,,,,  ,   , , ,   ,  ,  ,  ,  ,,,,,44.0,," 8,551 "," 14,199 "," 17,705 ",11.7,14.7,15.0,,53.8,53.4,,,8,4752,17.3,26.0,17,,, 52.3 ,0,1.8,4.4,3.0,,,,,,
Madagascar,20.7,  ,  ,  ,  ,  ,  ,  ,,17,  ,  ,  ,,,,  ,   , , ,   ,  ,  ,  ,  ,,,,,,,,,,,,,,,,,,8,11160,5.2,17.3,27,,11.8, 5.3 ,0,38.7,8.7,,,,,,,
Malawi,14.9,  ,  ,  ,  ,  ,  ,  ,4.7,22,  ,  ,  ,,,,  ,   , , ,   ,  ,  ,  ,  ,,,,,,,,,,44.4,45.3,,,,,,,3,,,,,,,  ,0,2.4,8.9,1.8,,,,,,
Malaysia,28.4,,, 3.7 ,,,,,10.1,,  ,  ,  ,,,,  ,,,,   ,  ,  ,  ,  ,,79.6,75.0,81.2,,," 11,257 "," 26,866 "," 12,878 ",9.5,9.6,7.7,,10.3,11.8,12.2,21.4,8,5556,5.0,14.0,28,0.57,24.3, 49.0 ,2,8.0,6.5,0.7,,,,,,
Mali,15.4,  ,  ,  ,  ,  ,  ,  ,2.0,12,  ,  ,  ,,,,  ,   , , ,   ,  ,  ,  ,  ,,58.2,53.1,54.5,,,,,,16.6,20.0,17.1,,,,,,8,11400,5.0,30.7,16,0.22,11.5, 7.9 ,0,0.2,8.0,,,,,,,
Mauritania,3.5, 52.2 , 83.1 ,  , 81.3 , 59.9 , 92.0 , 78.6 ,4.6,,  ,  ,  ,25.2,9.7,65.2,  , 35.6 ,42.8,21.6, 54.0 ,  ,  ,  ,  ,,,,,,,,,,,,,,,,23.9,34.6,8,384,15.2,104.3,,,6.0,  ,0,3.7,1.8,0.3,,,,,,
Mauritius,1.3, 69.9 , 62.2 , 7.7 , 45.7 , 31.4 , 89.8 , 49.2 ,7.9,46,  ,  ,  ,11.5,31.4,57.1, 13.8 , 78.8 ,15.9,5.3,   ," 19,100 ",  ," 3,622 "," 2,369 ",,,,,38.4,," 6,256 "," 14,876 "," 17,007 ",,,,6.7,19.4,29.0,26.1,39.0,7,984,4.3,47.7,,0.04,10.0, 53.4 ,1,13.8,3.3,0.8,,,,,,
Mexico,113.4, 65.9 , 63.7 , 5.2 , 61.8 , 33.2 , 92.3 , 51.4 ,9.1,31, 425 , 419 , 416 ,13.1,25.5,60.6, 8.8 , 72.8 ,20.1,7.1, 80.0 ," 3,220 ",  ," 2,682 "," 2,158 ",4.0,89.2,83.5,89.5,,," 6,269 "," 27,497 "," 21,103 ",17.5,15.1,12.8,6.5,9.0,10.1,12.0,33.7,8,912,3.4,26.6,,0.04,7.2, 27.4 ,1,1.6,8.3,8.4,,,,,,
Moldova,3.6,  ,, 7.4 ,,,,,9.7,41,  ,  ,  ,,,, 17.9 ,   , , ,   ," 3,693 "," 2,345 "," 1,535 "," 1,691 ",,52.1,49.1,42.6,57.5,," 1,468 "," 3,040 "," 6,502 ",16.0,14.6,22.3,,20.1,15.0,,,8,0,4.3,26.0,69,,29.0, 56.7 ,0,2.2,2.9,2.9,,,,,,
Mongolia,2.8, 68.4 , 68.1 ,  , 41.2 , 30.7 , 89.4 , 80.4 ,8.4,15,  ,  ,  ,40.5,16.8,42.7,  , 49.3 ,11.5,39.2, 51.0 ,  ,  ,  ,  ,,,,,33.8,0.77," 1,825 "," 8,190 "," 3,915 ",,,,3.6,,,14.0,16.9,8,0,8.7,13.0,18,,, 33.5 ,0,3.8,13.7,2.9,,,,,,
Montenegro,0.6,  ,  ,  ,  ,  ,  ,  ,,7, 408 , 403 , 401 ,,,,  ,   , , ,   ,  ,  ,  ,  ,,,,,,,,,,,,,,,,,,8,1440,8.7,8.7,,,,  ,1,13.9,3.8,0.1,,,,,,
Morocco,32.0,  ,  , 10.0 ,  ,  ,  ,  ,5.0,,  ,  ,  ,,,, 7.7 ,   , , ,   ,  ,  ,  ,  ,,36.7,20.0,52.2,34.2,," 2,764 "," 10,669 "," 11,517 ",12.3,20.8,17.5,,22.8,19.4,,,8,156,13.0,19.5,,,12.9,  ,0,22.5,6.3,0.5,,,,,,
Mozambique,23.4, 48.2 , 91.2 ,  , 76.1 , 82.8 , 98.0 , 96.6 ,1.8,,  ,  ,  ,83.5,3.8,12.7,  , 8.9 ,8.6,82.5, 27.1 ,  ,  ,  ,  ,,,,,27.3,0.93,,,,,,,10.5,,,5.9,8.3,8,648,5.0,14.0,,,,  ,1,10.8,4.9,2.8,,,,,,
Myanmar,48.0,  ,  ,  ,  ,  ,  ,  ,4.6,,  ,  ,  ,,,,  ,   , , ,   ,  ,  ,  ,  ,,,,,,,,,,,,,,,,,,5,852,19.3,54.3,,,,  ,3,4.1,10.7,40.0,,,,,,
Namibia,2.3,  ,  , 37.6 ,  ,  ,  ,  ,6.0,,  ,  ,  ,,,,  ,   , , ,   ,  ,  ,  ,  ,,,,,44.4,," 8,562 "," 30,857 "," 11,758 ",33.3,36.2,,,54.6,63.8,,,4,0,4.3,4.3,,,, 9.6 ,1,1.5,0.7,0.1,,,,,,
Nepal,30.0, 57.4 , 75.7 , 2.7 , 58.0 , 52.7 , 91.5 , 80.3 ,4.0,6,  ,  ,  ,76.3,10.5,13.2,  , 14.4 ,13.3,72.6, 21.0 ,  ,  ,  ,  ,25.0,,,,,0.72,,,,,,,6.0,,,8.3,15.4,8,648,5.6,18.4,,,20.0, 3.4 ,0,1.7,1.2,0.6,,,,,,
Netherlands,16.6, 67.1 , 78.2 , 4.5 , 68.6 , 69.4 , 87.1 , 73.3 ,11.0,, 508 , 526 , 522 ,2.8,15.9,71.6, 12.5 , 88.0 ,10.3,1.7,   ,  ,  ,  ,  ,,96.4,76.6,93.4,55.8,," 54,577 "," 124,750 "," 86,039 ",47.0,25.8,42.7,,8.8,8.6,11.9,12.8,0,0,0.0,0.0,,2.92,22.4,  ,1,1.2,1.5,,,,,,,
New Zealand,4.4, 66.5 , 77.5 , 6.5 , 62.2 , 58.5 , 89.9 , 75.3 ,12.7,, 521 , 519 , 532 ,6.6,20.9,72.5, 10.7 ,   , , ,   ,  ,  ,  ,  ,,,,,,,,,,,,,,16.8,17.4,,,8,0,8.6,34.6,,0.84,,  ,0,3.1,5.9,10.5,,,,,,
Nicaragua,5.8,  ,  ,  ,  ,  ,  ,  ,6.7,24,  ,  ,  ,31.7,18.3,50.0,  ,   , , , . ,  ,  ,  ,  ,,,,,,,,,,21.5,24.2,20.5,,,,,,8,1308,6.0,17.3,,,19.8, 21.7 ,0,0.8,31.5,23.7,,,,,,
Niger,15.5,  ,,  ,,,,,1.8,37,  ,  ,  ,,,,  ,   , , ,   ,  ,  ,  ,  ,,,,,15.8,,,,,,,,,,,,,8,5436,8.3,51.3,6,,,  ,1,2.6,21.5,0.6,,,,,,
Nigeria,158.4,  ,,  ,,,,,,,  ,  ,  ,,,,  ,   , , ,   ,  ,  ,  ,  ,,71.4,76.7,80.6,4.1,,,,,24.9,27.2,26.3,,,,,,7,,,,,,15.0,  ,0,0.3,5.8,4.5,,,,,,
Norway,4.9, 66.2 , 78.1 , 3.6 , 56.6 , 56.8 , 86.4 , 80.0 ,12.3,, 503 , 498 , 500 ,2.5,19.7,77.6, 30.8 , 92.4 ,5.9,1.8, 68.8 ,  ,  ," 36,446 ",  ,,94.5,58.3,89.4,46.7,," 85,197 "," 318,919 "," 118,318 ",77.4,66.7,66.3,,10.9,7.7,17.8,20.5,8,36,4.3,13.0,,,21.9,  ,1,1.9,5.6,0.1,,,,,,
Oman,2.8,  ,  ,  ,  ,  ,  ,  ,,,  ,  ,  ,,,,  ,   , , ,   ,  ,  ,  ,  ,,,,,32.5,,,,,,,,,,,,,8,1344,13.0,13.0,,,,  ,0,4.1,5.1,,,,,,,
Pakistan,173.6, 55.3 , 55.2 , 5.0 , 64.9 , 23.8 , 94.5 , 28.4 ,5.6,,  ,  ,  ,43.4,21.2,35.5,  , 37.1 ,23.1,39.8, 32.1 ,  ,  ,  ,  ,,26.6,29.2,29.1,,0.36," 1,187 "," 3,519 "," 3,968 ",32.5,25.4,29.7,6.4,7.0,10.5,9.9,59.6,8,16188,1.0,15.1,27,0.33,12.0, 3.9 ,2,1.9,2.3,5.3,,,,,,
Panama,3.5, 62.6 , 68.4 , 6.5 , 62.8 , 32.4 , 93.7 , 59.2 ,9.6,19, 371 , 360 , 376 ,18.1,18.5,63.4,  , 65.2 ,21.9,12.9, 68.0 ,  ,  ,  ,  ,6.0,,,,31.4,," 4,143 "," 13,451 "," 18,196 ",27.6,12.5,21.7,5.5,11.7,21.1,10.6,30.8,2,13488,0.0,0.0,12,,19.8,  ,0,11.5,13.8,4.1,,,,,,
Papua New Guinea,6.9, 56.2 , 70.5 ,  , 68.3 , 68.4 , 70.8 , 72.4 ,4.1,,  ,  ,  ,25.2,6.8,68.8,  , 32.6 ,40.6,26.9, 10.7 ,  ,  ,  ,  ,,,,,,,,,,,,,10.9,,,17.3,18.7,8,2532,5.2,31.2,,,14.4, 4.4 ,1,10.4,7.7,0.3,,,,,,
Paraguay,6.5, 61.6 , 72.0 , 5.6 , 70.0 , 43.6 , 94.5 , 63.3 ,8.5,51,  ,  ,  ,25.8,19.2,54.9,  , 51.6 ,24.8,23.5, 60.9 ,  ,  ,  ,  ,7.0,,,,37.1,," 5,335 "," 6,493 "," 6,241 ",5.5,9.3,6.3,5.3,8.7,16.8,9.9,28.3,7,264,17.3,17.3,,,23.0,  ,0,13.8,0.9,0.0,,,,,,
Peru,29.1, 61.0 , 78.0 , 6.3 , 67.2 , 54.6 , 94.7 , 76.4 ,9.0,28, 370 , 365 , 369 ,31.7,16.4,51.9, 9.5 , 42.8 ,30.9,26.3, 65.9 ," 23,679 ",  ," 5,702 "," 2,579 ",5.0,75.5,68.5,74.7,23.8,0.81," 61,865 "," 12,014 "," 6,279 ",5.7,9.0,7.1,6.1,12.5,15.6,11.7,21.6,8,3504,,,,0.06,23.2, 21.7 ,2,2.4,9.7,0.3,,,,,,
Philippines,93.3, 62.4 , 63.7 , 7.5 , 50.3 , 31.9 , 89.5 , 59.4 ,9.0,8,  ,  ,  ,33.5,14.5,52.0, 7.8 , 55.9 ,21.5,22.6, 48.3 ,  ,  ,  ," 2,159 ",18.0,67.4,69.5,64.9,27.9,," 1,724 "," 9,750 "," 5,093 ",8.1,12.4,6.8,6.3,16.2,19.3,19.9,31.9,5,408,8.7,43.3,,0.02,10.6,  ,0,4.1,6.7,,,,,,,
Poland,38.2, 71.3 , 65.6 , 9.6 , 39.1 , 29.7 , 80.6 , 65.7 ,9.9,36, 500 , 495 , 508 ,12.8,30.2,56.9, 10.6 , 80.1 ,8.9,11.0, 54.7 ,  ,  ,  ,  ,0.0,82.2,64.5,71.4,42.4,0.96," 7,196 "," 27,886 "," 30,078 ",19.3,21.8,18.9,5.2,22.4,25.4,8.5,12.3,0,0,8.7,47.7,,0.30,26.7, 81.4 ,2,3.5,1.8,0.0,,,,,,
Portugal,10.6, 66.9 , 74.0 , 10.8 , 38.6 , 34.8 , 86.2 , 76.5 ,8.0,, 489 , 487 , 493 ,10.9,27.7,61.4, 12.5 , 81.2 ,13.1,5.7, 76.9 ,  ,  ,  ,  ,,,,,58.2,0.90," 9,359 "," 34,814 "," 51,660 ",,,,4.3,21.1,23.7,13.4,15.2,8,1068,8.6,47.6,,2.08,34.8,  ,0,0.1,2.5,7.8,,,,,,
Romania,21.4, 69.9 , 63.6 , 7.3 , 36.2 , 26.1 , 80.5 , 62.9 ,10.4,43, 424 , 427 , 428 ,30.1,28.7,41.2, 13.0 , 72.0 ,7.2,20.8, 43.9 ," 15,849 "," 10,681 "," 6,386 "," 3,805 ",0.0,67.4,25.7,45.6,47.1,0.89," 4,085 "," 15,498 "," 27,896 ",18.7,14.3,22.1,3.7,22.3,21.8,11.3,16.7,8,624,13.0,91.0,,,33.7, 67.9 ,0,49.3,60.4,,,,,,,
Russian Federation,141.8,  ,  , 7.5 ,  ,  ,  ,  ,11.5,57, 459 , 468 , 478 ,,,,  ,   , , ,   ,  ,  ,  ,  ,,59.5,41.2,59.6,52.1,," 7,744 "," 19,908 "," 16,432 ",26.7,18.1,26.7,,16.9,17.5,,,8,2040,26.0,143.0,,,33.3,  ,0,2.2,4.6,4.0,,,,,,
Rwanda,10.6,  ,  ,  ,  ,  ,  ,  ,3.9,,  ,  ,  ,,,,  ,   , , ,   ,  ,  ,  ,  ,,42.2,,44.7,,,,,,4.0,,8.4,,,,,,,,,,,,8.0,  ,1,1.8,1.4,0.3,,,,,,
Saudi Arabia,27.4,  ,  , 5.4 ,  ,  ,  ,  ,8.5,,  ,  ,  ,,,,  ,   , , ,   ,  ,  ,  ,  ,,77.2,67.1,78.6,,," 30,025 "," 120,850 "," 20,513 ",52.6,62.7,52.4,,23.6,45.8,,,,,,,,,20.0,  ,0,3.0,9.3,,,,,,,
Senegal,12.4,  ,  ,  ,  ,  ,  ,  ,5.2,,  ,  ,  ,,,,  ,   , , ,   ,  ,  ,  ,  ,,,,,21.6,,,,,,,,,,,,,,,,,,,16.5,  ,,,,,,,,,,
Serbia,7.3, 64.5 , 59.1 , 16.6 , 34.6 , 21.2 , 75.0 , 57.0 ,9.2,17, 442 , 442 , 443 ,22.9,24.9,52.2, 14.2 , 65.6 ,13.5,20.9,   ,  ,  ,  ,  ,0.0,70.9,55.9,53.1,53.6,," 5,949 "," 16,543 "," 18,115 ",15.9,11.1,15.8,3.8,31.0,41.3,23.4,19.1,,,,,,0.13,,  ,,,,,,,,,,
Sierra Leone,5.9,  ,  ,  ,  ,  ,  ,  ,3.7,16,  ,  ,  ,,,,  ,   , , ,   ,  ,  ,  ,  ,,,,,,,,,,,,,,,,,,,,,,,,15.0,  ,,,,,,,,,,
Singapore,5.1,  ,  , 5.9 ,  ,  ,  ,  ,9.1,, 526 , 562 , 542 ,,,, 5.0 ,   , , ,   ,  ,  ,  ,  ,,83.3,71.6,83.9,44.3,," 2,873 "," 87,976 "," 64,964 ",15.8,16.7,18.7,,9.8,16.6,,,,,,,,,35.0, 62.1 ,,,,,,,,,,
Slovak Republic,5.4, 72.4 , 68.7 , 14.4 , 36.4 , 25.5 , 86.4 , 70.1 ,11.2,30, 477 , 497 , 490 ,3.2,37.1,59.6, 14.8 , 90.2 ,9.5,0.3, 62.3 ,  ,  ,  ,  ,0.0,,,,60.9,," 45,309 "," 33,247 "," 35,907 ",,,,,34.7,32.0,6.6,8.8,,,,,,0.93,23.6,  ,,,,,,,,,,
Slovenia,2.1, 69.4 , 71.5 , 7.2 , 44.4 , 34.8 , 82.0 , 73.7 ,11.7,15, 483 , 501 , 512 ,8.8,32.5,58.3, 16.0 , 93.1 ,5.6,1.3,   ,  ,  ,  ,  ,,85.0,65.5,72.5,,," 11,699 "," 41,034 "," 48,714 ",17.7,13.3,19.2,3.2,15.2,13.8,5.1,4.1,,,,,,0.96,37.5, 87.4 ,,,,,,,,,,
Somalia,9.3,  ,  ,  ,  ,  ,  ,  ,,,  ,  ,  ,,,,  ,   , , ,   ,  ,  ,  ,  ,,,,,,,,,,,,,,,,,,,,,,,,,  ,,,,,,,,,,
South Africa,50.0,  ,  , 24.7 ,  ,  ,  ,  ,8.6,,  ,  ,  ,,,,  ,   , , ,   ,  ,  ,  ,  ,,81.9,63.4,77.7,49.8,," 10,725 "," 22,059 "," 16,554 ",16.1,21.6,19.3,,47.2,54.6,,,,,,,,,2.0, 6.7 ,,,,,,,,,,
Spain,46.1, 68.2 , 73.4 , 20.1 , 45.1 , 40.1 , 87.3 , 70.5 ,10.4,, 481 , 483 , 488 ,4.3,23.1,72.6, 15.5 , 83.9 ,14.1,2.0, 75.4 ,  ,  ,  ,  ,,93.4,94.5,83.6,53.3,0.83," 48,517 "," 80,812 "," 69,968 ",22.0,23.8,17.4,4.2,43.2,39.8,19.6,18.1,,,,,,3.86,37.3,  ,,,,,,,,,,
Sri Lanka,20.9, 66.9 , 59.1 , 4.9 , 50.8 , 28.1 , 90.8 , 43.3 ,11.1,,  ,  ,  ,31.6,26.3,42.1,  , 56.0 ,22.3,21.7, 10.9 ,  ,  ,  ,  ,,,,,57.3,0.80," 2,015 "," 6,217 "," 7,548 ",,,,5.7,17.1,27.9,14.6,36.1,,,,,,,20.0,  ,,,,,,,,,,
Sudan,43.6,  ,  ,  ,  ,  ,  ,  ,3.3,,  ,  ,  ,,,,  ,   , , ,   ,  ,  ,  ,  ,,,,,25.1,,,,,,,,,,,,,,,,,,,27.0,  ,,,,,,,,,,
Swaziland,1.2,  ,  ,  ,  ,  ,  ,  ,7.6,,  ,  ,  ,,,,  ,   , , ,   ,  ,  ,  ,  ,,,,,,,,,,,,,,,,,,,,,,,,, 15.4 ,,,,,,,,,,
Sweden,9.4, 65.3 , 79.5 , 8.4 , 52.1 , 51.4 , 90.1 , 83.1 ,11.6,, 497 , 494 , 495 ,2.1,19.9,77.7,  , 93.9 ,5.9,0.2, 38.8 ,  ,  ,  ,  ,,92.4,77.1,88.6,61.1,0.91," 93,839 "," 135,069 "," 94,173 ",72.3,43.8,60.4,3.8,26.7,23.7,15.7,13.7,,,,,,1.84,28.7,  ,,,,,,,,,,
Switzerland,7.8, 68.0 , 82.4 , 4.5 , 69.1 , 66.5 , 92.5 , 78.5 ,9.9,, 501 , 534 , 517 ,3.3,21.1,70.9, 12.1 ,   , , ,   ,  ,  ,  ,  ,,93.7,75.6,90.7,,," 48,439 "," 166,833 "," 130,553 ",59.4,7.5,45.6,,7.3,8.4,,,,,,,,,10.4,  ,,,,,,,,,,
Syrian Arab Republic,20.4,  ,  , 8.4 ,  ,  ,  ,  ,5.3,,  ,  ,  ,,,, 19.8 ,   , , ,   ,  ,  ,  ,  ,,,,,,," 61,887 "," 40,385 "," 38,924 ",,,,,15.3,40.2,,,,,,,,,24.0, 26.8 ,,,,,,,,,,
Tajikistan,6.9,  ,  ,  ,  ,  ,  ,  ,9.3,34,  ,  ,  ,,,,  ,   , , ,   ,  ,  ,  ,  ,,,,,15.7,,,,,,,,,,,,,,,,,,,,  ,,,,,,,,,,
Tanzania,44.8, 50.5 , 78.4 ,  , 57.0 , 55.3 , 95.3 , 87.8 ,5.5,,  ,  ,  ,78.5,2.7,18.8,  , 8.1 ,11.6,80.4, 21.1 ,  ,  ,  ,  ,,23.5,22.1,27.2,,,,,,7.6,9.3,6.7,13.3,,,9.5,16.9,,,,,,,20.0,  ,,,,,,,,,,
Thailand,69.1, 67.5 , 81.5 , 1.2 , 56.0 , 39.9 , 95.4 , 83.0 ,7.5,, 421 , 419 , 425 ,42.1,20.0,38.0, 7.3 , 41.3 ,20.9,37.8, 31.3 ,  ,  ,  ,  ,0.0,84.5,72.1,91.3,33.2,0.95," 1,934 "," 15,349 "," 8,209 ",42.7,32.4,44.4,9.6,3.7,5.1,2.5,12.0,,,,,,0.04,9.7,  ,,,,,,,,,,
Timor-Leste,1.1, 53.3 , 43.0 ,  , 17.5 , 10.5 , 79.8 , 36.8 ,,19,  ,  ,  ,50.5,9.8,39.7,  , 28.0 ,21.8,50.2,   ,  ,  ,  ,  ,,,,,,,,,,,,,5.5,,,15.6,22.5,,,,,,,,  ,,,,,,,,,,
Togo,6.0,  ,  ,  ,  ,  ,  ,  ,5.9,17,  ,  ,  ,,,,  ,   , , ,   ,  ,  ,  ,  ,,,,,,,,,,,,,,,,,,,,,,,,,  ,,,,,,,,,,
Tonga,0.1,,  ,,  ,  ,  ,  ,9.4,59,,,,,,,  ,   , , ,   ,,,,,,,,,,,,,,,,,,,,,,,,,,,,,  ,,,,,,,,,,
Trinidad and Tobago,1.3,  ,  , 4.6 ,  ,  ,  ,  ,9.6,, 416 , 414 , 410 ,,,, 21.1 ,   , , ,   ,  ,  ,  ,  ,,82.5,71.6,79.8,33.0,," 3,883 "," 82,586 "," 24,172 ",3.8,3.0,4.1,,8.8,12.9,,,,,,,,1.20,10.8, 71.1 ,,,,,,,,,,
Tunisia,10.5,  ,  , 14.2 ,  ,  ,  ,  ,7.3,, 404 , 371 , 401 ,,,,  ,   , , ,   ,  ,  ,  ,  ,,,,,36.1,,,,,,,,,,,,,,,,,,,23.0,  ,,,,,,,,,,
Turkey,72.8, 67.0 , 51.9 , 11.9 , 49.8 , 25.5 , 82.3 , 31.0 ,7.0,25, 464 , 445 , 454 ,23.7,26.2,50.1, 12.8 , 60.9 ,16.3,22.8,,  ,  ,  ,  ,,85.9,70.4,84.3,,0.96," 10,596 "," 27,153 "," 33,775 ",4.8,3.3,5.1,4.2,21.0,23.1,21.9,46.9,,,,,,0.12,38.0, 58.6 ,,,,,,,,,,
Turkmenistan,5.0,  ,  ,  ,  ,  ,  ,  ,,,  ,  ,  ,,,,  ,   , , ,   ,  ,  ,  ,  ,,,,,,,,,,,,,,,,,,,,,,,,23.0,  ,,,,,,,,,,
Uganda,33.4,,  , 4.2 ,  ,  ,  ,  ,5.4,,  ,  ,  ,,,,  ,   , , ,   ,  ,  ,  ,  ,,49.6,31.2,49.6,,, 395 ," 4,542 "," 1,870 ",7.0,4.7,9.6,,,,,,,,,,,0.78,15.0,  ,,,,,,,,,,
Ukraine,45.9,  ,  , 8.8 ,  ,  ,  ,  ,11.1,42,  ,  ,  ,,,, 20.3 ,   , , ,   ,  ,  ,  ,  ,,60.1,57.3,48.4,56.3,," 3,997 "," 11,824 "," 7,756 ",29.1,35.7,25.3,,,,,,,,,,,0.00,41.8, 62.1 ,,,,,,,,,,
United Kingdom,62.2, 66.1 , 75.5 , 7.8 , 61.8 , 56.4 , 86.5 , 72.4 ,9.8,, 494 , 492 , 514 ,1.2,19.1,78.9, 19.6 , 88.8 ,10.6,0.6, 96.1 ," 56,524 ",  ," 32,388 "," 23,513 ",,89.8,79.6,91.8,,," 56,013 "," 88,189 "," 75,957 ",31.0,19.5,32.0,,21.3,16.9,12.8,16.4,,,,,,0.71,23.8,  ,,,,,,,,,,
United States,309.1, 66.8 , 73.9 , 9.6 , 56.7 , 53.5 , 85.1 , 71.8 ,13.1,, 500 , 487 , 502 ,1.6,16.7,81.2, 15.6 ,   , , ,   ,  ,  ,  ,  ,,85.9,81.0,87.8,56.0,," 59,247 "," 118,051 "," 97,669 ",40.2,36.5,40.7,,20.8,15.8,,,,,,,,1.18,18.6,  ,,,,,,,,,,
Uruguay,3.4, 62.9 , 75.0 , 7.6 , 61.3 , 44.5 , 92.5 , 72.8 ,8.6,31, 426 , 427 , 427 ,11.6,21.4,67.0, 12.5 , 71.3 ,24.1,4.6, 93.9 ,  ,  ,  ,  ,0.0,88.9,80.2,86.8,,,,,,30.2,15.7,29.4,5.8,16.9,26.5,14.2,22.1,,,,,,0.01,32.0, 78.5 ,,,,,,,,,,
Uzbekistan,28.2,  ,  ,  ,  ,  ,  ,  ,,35,  ,  ,  ,,,,  ,   , , ,   ,  ,  ,  ,  ,,,,,,,,,,,,,,,,,,,,,,,,29.0,  ,,,,,,,,,,
"Venezuela, RB",28.8,  ,, 7.6 ,,,,,7.0,25,  ,  ,  ,,,,  ,   , , ,   ,  ,  ,  ,  ,,80.8,75.0,76.6,,,,,,16.9,16.7,13.4,,12.3,15.9,,,,,,,,,23.9, 33.9 ,,,,,,,,,,
Vietnam,86.9, 69.0 , 79.6 , 2.4 , 56.3 , 49.5 , 93.9 , 87.9 ,6.4,9,  ,  ,  ,54.0,20.4,25.7, 4.4 , 36.3 ,7.9,55.8, 25.9 ,  ,  ,  ,  ,17.0,82.6,46.3,82.2,,0.80,,,,51.9,52.2,53.7,8.7,,,4.3,7.9,,,,,,,23.0, 19.3 ,,,,,,,,,,
West Bank and Gaza,4.2, 55.6 , 43.0 ,  , 42.5 , 7.7 , 85.8 , 26.0 ,,,  ,  ,  ,26.3,32.8,40.9, 23.8 , 66.6 ,21.5,11.9, 72.1 ,  ,  ,  ," 3,464 ",0.0,,,,,0.73,,,,,,,4.0,,,19.6,30.6,,,,,,,, 14.0 ,,,,,,,,,,
"Yemen, Rep.",24.1,  ,  , 14.6 ,  ,  ,  ,  ,3.7,24,  ,  ,  ,,,,  ,   , , ,   ,  ,  ,  ,  ,,,,,,,,,,42.4,,,,,,,,,,,,,,,  ,,,,,,,,,,
Zambia,12.9,  ,  ,  ,  ,  ,  ,  ,7.0,,  ,  ,  ,,,,  ,   , , ,   ,  ,  ,  ,  ,,64.3,56.2,64.5,,,,,,11.5,12.5,10.6,,,,,,,,,,,,,  ,,,,,,,,,,
Zimbabwe,12.6,  ,  ,  ,  ,  ,  ,  ,7.7,,  ,  ,  ,,,,  ,   , , ,   ,  ,  ,  ,  ,,25.0,25.1,28.1,,,,,,13.9,10.4,5.3,,,,,,,,,,,,8.0,  ,,,,,,,,,,
,,,,,,,,,,,,,,,,,,,,,,,,,,,,,,,,,,,,,,,,,,,,,,,,,,,,,,,,,,,,
,,,,,,,,,,,,,,,,,,,,,,,,,,,,,,,,,,,,,,,,,,,,,,,,,,,,,,,,,,,,
,,,,,,,,,,,,,,,,,,,,,,,,,,,,,,,,,,,,,,,,,,,,,,,,,,,,,,,,,,,,
,,,,,,,,,,,,,,,,,,,,,,,,,,,,,,,,,,,,,,,,,,,,,,,,,,,,,,,,,,,,
,,,,,,,,,,,,,,,,,,,,,,,,,,,,,,,,,,,,,,,,,,,,,,,,,,,,,,,,,,,,
,,,,,,,,,,,,,,,,,,,,,,,,,,,,,,,,,,,,,,,,,,,,,,,,,,,,,,,,,,,,
,,,,,,,,,,,,,,,,,,,,,,,,,,,,,,,,,,,,,,,,,,,,,,,,,,,,,,,,,,,,
,,,,,,,,,,,,,,,,,,,,,,,,,,,,,,,,,,,,,,,,,,,,,,,,,,,,,,,,,,,,
,,,,,,,,,,,,,,,,,,,,,,,,,,,,,,,,,,,,,,,,,,,,,,,,,,,,,,,,,,,,
,,,,,,,,,,,,,,,,,,,,,,,,,,,,,,,,,,,,,,,,,,,,,,,,,,,,,,,,,,,,
,,,,,,,,,,,,,,,,,,,,,,,,,,,,,,,,,,,,,,,,,,,,,,,,,,,,,,,,,,,,
,,,,,,,,,,,,,,,,,,,,,,,,,,,,,,,,,,,,,,,,,,,,,,,,,,,,,,,,,,,,
,,,,,,,,,,,,,,,,,,,,,,,,,,,,,,,,,,,,,,,,,,,,,,,,,,,,,,,,,,,,
,,,,,,,,,,,,,,,,,,,,,,,,,,,,,,,,,,,,,,,,,,,,,,,,,,,,,,,,,,,,
,,,,,,,,,,,,,,,,,,,,,,,,,,,,,,,,,,,,,,,,,,,,,,,,,,,,,,,,,,,,
,,,,,,,,,,,,,,,,,,,,,,,,,,,,,,,,,,,,,,,,,,,,,,,,,,,,,,,,,,,,
,,,,,,,,,,,,,,,,,,,,,,,,,,,,,,,,,,,,,,,,,,,,,,,,,,,,,,,,,,,,
,,,,,,,,,,,,,,,,,,,,,,,,,,,,,,,,,,,,,,,,,,,,,,,,,,,,,,,,,,,,
,,,,,,,,,,,,,,,,,,,,,,,,,,,,,,,,,,,,,,,,,,,,,,,,,,,,,,,,,,,,
,,,,,,,,,,,,,,,,,,,,,,,,,,,,,,,,,,,,,,,,,,,,,,,,,,,,,,,,,,,,
,,,,,,,,,,,,,,,,,,,,,,,,,,,,,,,,,,,,,,,,,,,,,,,,,,,,,,,,,,,,
,,,,,,,,,,,,,,,,,,,,,,,,,,,,,,,,,,,,,,,,,,,,,,,,,,,,,,,,,,,,
,,,,,,,,,,,,,,,,,,,,,,,,,,,,,,,,,,,,,,,,,,,,,,,,,,,,,,,,,,,,
,,,,,,,,,,,,,,,,,,,,,,,,,,,,,,,,,,,,,,,,,,,,,,,,,,,,,,,,,,,,
,,,,,,,,,,,,,,,,,,,,,,,,,,,,,,,,,,,,,,,,,,,,,,,,,,,,,,,,,,,,
,,,,,,,,,,,,,,,,,,,,,,,,,,,,,,,,,,,,,,,,,,,,,,,,,,,,,,,,,,,,
,,,,,,,,,,,,,,,,,,,,,,,,,,,,,,,,,,,,,,,,,,,,,,,,,,,,,,,,,,,,
,,,,,,,,,,,,,,,,,,,,,,,,,,,,,,,,,,,,,,,,,,,,,,,,,,,,,,,,,,,,
,,,,,,,,,,,,,,,,,,,,,,,,,,,,,,,,,,,,,,,,,,,,,,,,,,,,,,,,,,,,
,,,,,,,,,,,,,,,,,,,,,,,,,,,,,,,,,,,,,,,,,,,,,,,,,,,,,,,,,,,,
,,,,,,,,,,,,,,,,,,,,,,,,,,,,,,,,,,,,,,,,,,,,,,,,,,,,,,,,,,,,
,,,,,,,,,,,,,,,,,,,,,,,,,,,,,,,,,,,,,,,,,,,,,,,,,,,,,,,,,,,,
,,,,,,,,,,,,,,,,,,,,,,,,,,,,,,,,,,,,,,,,,,,,,,,,,,,,,,,,,,,,
,,,,,,,,,,,,,,,,,,,,,,,,,,,,,,,,,,,,,,,,,,,,,,,,,,,,,,,,,,,,
,,,,,,,,,,,,,,,,,,,,,,,,,,,,,,,,,,,,,,,,,,,,,,,,,,,,,,,,,,,,
,,,,,,,,,,,,,,,,,,,,,,,,,,,,,,,,,,,,,,,,,,,,,,,,,,,,,,,,,,,,
,,,,,,,,,,,,,,,,,,,,,,,,,,,,,,,,,,,,,,,,,,,,,,,,,,,,,,,,,,,,
,,,,,,,,,,,,,,,,,,,,,,,,,,,,,,,,,,,,,,,,,,,,,,,,,,,,,,,,,,,,
,,,,,,,,,,,,,,,,,,,,,,,,,,,,,,,,,,,,,,,,,,,,,,,,,,,,,,,,,,,,
,,,,,,,,,,,,,,,,,,,,,,,,,,,,,,,,,,,,,,,,,,,,,,,,,,,,,,,,,,,,
,,,,,,,,,,,,,,,,,,,,,,,,,,,,,,,,,,,,,,,,,,,,,,,,,,,,,,,,,,,,
,,,,,,,,,,,,,,,,,,,,,,,,,,,,,,,,,,,,,,,,,,,,,,,,,,,,,,,,,,,,
,,,,,,,,,,,,,,,,,,,,,,,,,,,,,,,,,,,,,,,,,,,,,,,,,,,,,,,,,,,,
,,,,,,,,,,,,,,,,,,,,,,,,,,,,,,,,,,,,,,,,,,,,,,,,,,,,,,,,,,,,
,,,,,,,,,,,,,,,,,,,,,,,,,,,,,,,,,,,,,,,,,,,,,,,,,,,,,,,,,,,,
,,,,,,,,,,,,,,,,,,,,,,,,,,,,,,,,,,,,,,,,,,,,,,,,,,,,,,,,,,,,
,,,,,,,,,,,,,,,,,,,,,,,,,,,,,,,,,,,,,,,,,,,,,,,,,,,,,,,,,,,,
,,,,,,,,,,,,,,,,,,,,,,,,,,,,,,,,,,,,,,,,,,,,,,,,,,,,,,,,,,,,
,,,,,,,,,,,,,,,,,,,,,,,,,,,,,,,,,,,,,,,,,,,,,,,,,,,,,,,,,,,,
,,,,,,,,,,,,,,,,,,,,,,,,,,,,,,,,,,,,,,,,,,,,,,,,,,,,,,,,,,,,
,,,,,,,,,,,,,,,,,,,,,,,,,,,,,,,,,,,,,,,,,,,,,,,,,,,,,,,,,,,,
,,,,,,,,,,,,,,,,,,,,,,,,,,,,,,,,,,,,,,,,,,,,,,,,,,,,,,,,,,,,
,,,,,,,,,,,,,,,,,,,,,,,,,,,,,,,,,,,,,,,,,,,,,,,,,,,,,,,,,,,,
,,,,,,,,,,,,,,,,,,,,,,,,,,,,,,,,,,,,,,,,,,,,,,,,,,,,,,,,,,,,
,,,,,,,,,,,,,,,,,,,,,,,,,,,,,,,,,,,,,,,,,,,,,,,,,,,,,,,,,,,,
,,,,,,,,,,,,,,,,,,,,,,,,,,,,,,,,,,,,,,,,,,,,,,,,,,,,,,,,,,,,
,,,,,,,,,,,,,,,,,,,,,,,,,,,,,,,,,,,,,,,,,,,,,,,,,,,,,,,,,,,,
,,,,,,,,,,,,,,,,,,,,,,,,,,,,,,,,,,,,,,,,,,,,,,,,,,,,,,,,,,,,
,,,,,,,,,,,,,,,,,,,,,,,,,,,,,,,,,,,,,,,,,,,,,,,,,,,,,,,,,,,,
,,,,,,,,,,,,,,,,,,,,,,,,,,,,,,,,,,,,,,,,,,,,,,,,,,,,,,,,,,,,
,,,,,,,,,,,,,,,,,,,,,,,,,,,,,,,,,,,,,,,,,,,,,,,,,,,,,,,,,,,,
,,,,,,,,,,,,,,,,,,,,,,,,,,,,,,,,,,,,,,,,,,,,,,,,,,,,,,,,,,,,
,,,,,,,,,,,,,,,,,,,,,,,,,,,,,,,,,,,,,,,,,,,,,,,,,,,,,,,,,,,,
,,,,,,,,,,,,,,,,,,,,,,,,,,,,,,,,,,,,,,,,,,,,,,,,,,,,,,,,,,,,
,,,,,,,,,,,,,,,,,,,,,,,,,,,,,,,,,,,,,,,,,,,,,,,,,,,,,,,,,,,,
,,,,,,,,,,,,,,,,,,,,,,,,,,,,,,,,,,,,,,,,,,,,,,,,,,,,,,,,,,,,
,,,,,,,,,,,,,,,,,,,,,,,,,,,,,,,,,,,,,,,,,,,,,,,,,,,,,,,,,,,,
,,,,,,,,,,,,,,,,,,,,,,,,,,,,,,,,,,,,,,,,,,,,,,,,,,,,,,,,,,,,
,,,,,,,,,,,,,,,,,,,,,,,,,,,,,,,,,,,,,,,,,,,,,,,,,,,,,,,,,,,,
,,,,,,,,,,,,,,,,,,,,,,,,,,,,,,,,,,,,,,,,,,,,,,,,,,,,,,,,,,,,
,,,,,,,,,,,,,,,,,,,,,,,,,,,,,,,,,,,,,,,,,,,,,,,,,,,,,,,,,,,,
,,,,,,,,,,,,,,,,,,,,,,,,,,,,,,,,,,,,,,,,,,,,,,,,,,,,,,,,,,,,
,,,,,,,,,,,,,,,,,,,,,,,,,,,,,,,,,,,,,,,,,,,,,,,,,,,,,,,,,,,,
,,,,,,,,,,,,,,,,,,,,,,,,,,,,,,,,,,,,,,,,,,,,,,,,,,,,,,,,,,,,
